ID_ESTAC,NOM_ESTACIO,NOM_ORIGINAL,DATA_DIA,DATA_EXTRACCIO,URL_FONT,GRUIX_NEU_MAX,HUMITAT_MITJANA_DIA,PRECIPITACIO_ACUM_DIA,PRESSIO_ATMOSFERICA,RADIACIO_GLOBAL,RATXA_VENT_MAX,TEMPERATURA_MAXIMA_DIA,TEMPERATURA_MINIMA_DIA,TEMPERATURA_MITJANA_DIA
WB,Albesa,ALBESA_WB,2026-01-29,2026-01-29 11:54:10,https://www.meteo.cat/observacions/xema/dades?codi=WB&dia=2026-01-29T09:00Z,,89%,0.0 mm,,0.9 MJ/m2,10.8 km/h - 268º 1:56 TU,5.6 °C 10:29 TU,1.8 °C 4:24 TU,3.6 °C
XY,Alcarràs,ALCARRAS_XY,2026-01-29,2026-01-29 11:54:13,https://www.meteo.cat/observacions/xema/dades?codi=XY&dia=2026-01-29T09:00Z,,98%,0.1 mm,,,8.6 km/h - 253º 10:27 TU,9.2 °C 10:18 TU,1.4 °C 4:06 TU,3.8 °C
U7,Aldover,ALDOVER_U7,2026-01-29,2026-01-29 11:54:15,https://www.meteo.cat/observacions/xema/dades?codi=U7&dia=2026-01-29T09:00Z,,69%,0.2 mm,,0.8 MJ/m2,19.4 km/h - 19º 1:11 TU,13.1 °C 1:38 TU,8.5 °C 8:20 TU,10.5 °C
WK,Alfarràs,ALFARRAS_WK,2026-01-29,2026-01-29 11:54:18,https://www.meteo.cat/observacions/xema/dades?codi=WK&dia=2026-01-29T09:00Z,,93%,0.0 mm,,,12.6 km/h - 323º 0:29 TU,5.4 °C 10:25 TU,1.2 °C 3:34 TU,3.6 °C
WG,Algerri,ALGERRI_WG,2026-01-29,2026-01-29 11:54:20,https://www.meteo.cat/observacions/xema/dades?codi=WG&dia=2026-01-29T09:00Z,,90%,0.0 mm,,0.9 MJ/m2,20.2 km/h - 335º 0:33 TU,5.5 °C 0:49 TU,2.2 °C 3:48 TU,3.9 °C
X3,Alguaire,ALGUAIRE_X3,2026-01-29,2026-01-29 11:54:22,https://www.meteo.cat/observacions/xema/dades?codi=X3&dia=2026-01-29T09:00Z,,99%,0.0 mm,1003.4 hPa,0.9 MJ/m2,25.2 km/h - 303º 1:18 TU,6.4 °C 10:04 TU,2.0 °C 3:38 TU,3.6 °C
ZB,Alins - Salòria (2.451 m),ALINS___SALORIA_2451_M_ZB,2026-01-29,2026-01-29 11:54:25,https://www.meteo.cat/observacions/xema/dades?codi=ZB&dia=2026-01-29T09:00Z,sense dades,77%,0.9 mm,,1.2 MJ/m2,0.0 km/h - 0º 7:30 TU,-2.9 °C 10:28 TU,-8.9 °C 3:31 TU,-7.1 °C
YT,Alt Àneu - Bonabé (1.693 m),ALT_ANEU___BONABE_1693_M_YT,2026-01-29,2026-01-29 11:54:27,https://www.meteo.cat/observacions/xema/dades?codi=YT&dia=2026-01-29T09:00Z,116 cm,89%,0.0 mm,,0.9 MJ/m2,,-0.6 °C 10:29 TU,-6.2 °C 3:12 TU,-4.7 °C
Z1,Alt Àneu - Bonaigua (2.266 m),ALT_ANEU___BONAIGUA_2266_M_Z1,2026-01-29,2026-01-29 11:54:30,https://www.meteo.cat/observacions/xema/dades?codi=Z1&dia=2026-01-29T09:00Z,173 cm,64%,0.0 mm,,2.2 MJ/m2,28.1 km/h - 214º 0:08 TU,2.4 °C 10:26 TU,-8.0 °C 3:04 TU,-4.5 °C
UU,Amposta,AMPOSTA_UU,2026-01-29,2026-01-29 11:54:32,https://www.meteo.cat/observacions/xema/dades?codi=UU&dia=2026-01-29T09:00Z,,74%,0.1 mm,1002.9 hPa,1.1 MJ/m2,23.0 km/h - 203º 0:31 TU,12.7 °C 0:00 TU,8.2 °C 5:17 TU,9.5 °C
XX,Anglesola - Tornabous,ANGLESOLA___TORNABOUS_XX,2026-01-29,2026-01-29 11:54:35,https://www.meteo.cat/observacions/xema/dades?codi=XX&dia=2026-01-29T09:00Z,,98%,0.0 mm,,,14.4 km/h - 206º 9:46 TU,7.3 °C 10:28 TU,0.4 °C 6:49 TU,2.9 °C
DN,Anglès,ANGLES_DN,2026-01-29,2026-01-29 11:54:37,https://www.meteo.cat/observacions/xema/dades?codi=DN&dia=2026-01-29T09:00Z,,64%,0.0 mm,1001.2 hPa,1.9 MJ/m2,36.0 km/h - 297º 1:52 TU,10.8 °C 10:20 TU,3.7 °C 4:07 TU,6.4 °C
Z6,Arres - Sasseuva (2.228 m),ARRES___SASSEUVA_2228_M_Z6,2026-01-29,2026-01-29 11:54:39,https://www.meteo.cat/observacions/xema/dades?codi=Z6&dia=2026-01-29T09:00Z,116 cm,60%,0.0 mm,,0.9 MJ/m2,19.1 km/h - 306º 9:33 TU,-0.4 °C 9:18 TU,-6.0 °C 1:36 TU,-3.7 °C
X6,Artesa de Segre - Baldomar,ARTESA_DE_SEGRE___BALDOMAR_X6,2026-01-29,2026-01-29 11:54:42,https://www.meteo.cat/observacions/xema/dades?codi=X6&dia=2026-01-29T09:00Z,,97%,0.0 mm,,1.5 MJ/m2,7.9 km/h - 180º 10:15 TU,5.1 °C 10:28 TU,-0.9 °C 6:33 TU,1.3 °C
WW,Artés,ARTES_WW,2026-01-29,2026-01-29 11:54:44,https://www.meteo.cat/observacions/xema/dades?codi=WW&dia=2026-01-29T09:00Z,,92%,0.1 mm,,,,7.1 °C 10:25 TU,-1.5 °C 7:19 TU,0.4 °C
VA,Ascó,ASCO_VA,2026-01-29,2026-01-29 11:54:47,https://www.meteo.cat/observacions/xema/dades?codi=VA&dia=2026-01-29T09:00Z,,82%,0.0 mm,,1.1 MJ/m2,25.2 km/h - 360º 4:54 TU,9.0 °C 10:20 TU,5.4 °C 4:12 TU,7.3 °C
WU,Badalona - Museu,BADALONA___MUSEU_WU,2026-01-29,2026-01-29 11:54:49,https://www.meteo.cat/observacions/xema/dades?codi=WU&dia=2026-01-29T09:00Z,,64%,0.0 mm,1002.7 hPa,2.5 MJ/m2,39.2 km/h - 300º 0:46 TU,11.4 °C 10:27 TU,7.6 °C 6:34 TU,8.5 °C
DJ,Banyoles,BANYOLES_DJ,2026-01-29,2026-01-29 11:54:52,https://www.meteo.cat/observacions/xema/dades?codi=DJ&dia=2026-01-29T09:00Z,,81%,0.0 mm,1001.3 hPa,2.1 MJ/m2,13.0 km/h - 294º 5:53 TU,9.1 °C 10:25 TU,1.8 °C 7:12 TU,3.8 °C
X4,Barcelona - el Raval,BARCELONA___EL_RAVAL_X4,2026-01-29,2026-01-29 11:54:54,https://www.meteo.cat/observacions/xema/dades?codi=X4&dia=2026-01-29T09:00Z,,59%,0.0 mm,1002.1 hPa,2.6 MJ/m2,32.4 km/h - 301º 1:44 TU,12.7 °C 10:29 TU,9.1 °C 2:09 TU,10.0 °C
D5,Barcelona - Observatori Fabra,BARCELONA___OBSERVATORI_FABRA_D5,2026-01-29,2026-01-29 11:54:57,https://www.meteo.cat/observacions/xema/dades?codi=D5&dia=2026-01-29T09:00Z,,78%,0.0 mm,1001.9 hPa,2.2 MJ/m2,41.8 km/h - 267º 1:51 TU,8.4 °C 10:29 TU,4.7 °C 3:00 TU,5.5 °C
X8,Barcelona - Zona Universitària,BARCELONA___ZONA_UNIVERSITARIA_X8,2026-01-29,2026-01-29 11:54:59,https://www.meteo.cat/observacions/xema/dades?codi=X8&dia=2026-01-29T09:00Z,,65%,0.0 mm,1002.0 hPa,2.2 MJ/m2,41.8 km/h - 307º 0:57 TU,13.0 °C 10:29 TU,6.8 °C 5:00 TU,8.7 °C
YX,Batea,BATEA_YX,2026-01-29,2026-01-29 11:55:01,https://www.meteo.cat/observacions/xema/dades?codi=YX&dia=2026-01-29T09:00Z,,88%,1.0 mm,,1.1 MJ/m2,,8.2 °C 10:22 TU,4.2 °C 7:33 TU,6.1 °C
UF,Begues - Pn del Garraf - el Rascler,BEGUES___PN_DEL_GARRAF___EL_RASCLER_UF,2026-01-29,2026-01-29 11:55:04,https://www.meteo.cat/observacions/xema/dades?codi=UF&dia=2026-01-29T09:00Z,,77%,0.0 mm,,2.2 MJ/m2,42.5 km/h - 298º 6:03 TU,9.1 °C 10:25 TU,4.4 °C 0:08 TU,5.3 °C
VB,Benissanet,BENISSANET_VB,2026-01-29,2026-01-29 11:55:06,https://www.meteo.cat/observacions/xema/dades?codi=VB&dia=2026-01-29T09:00Z,,86%,0.5 mm,,0.9 MJ/m2,19.1 km/h - 274º 5:13 TU,9.5 °C 10:07 TU,4.2 °C 3:50 TU,6.7 °C
WM,Berga - Santuari de Queralt,BERGA___SANTUARI_DE_QUERALT_WM,2026-01-29,2026-01-29 11:55:09,https://www.meteo.cat/observacions/xema/dades?codi=WM&dia=2026-01-29T09:00Z,,61%,0.0 mm,,0.6 MJ/m2,14.4 km/h - 337º 0:51 TU,3.7 °C 2:08 TU,-1.3 °C 4:52 TU,0.8 °C
W8,Blancafort,BLANCAFORT_W8,2026-01-29,2026-01-29 11:55:11,https://www.meteo.cat/observacions/xema/dades?codi=W8&dia=2026-01-29T09:00Z,,85%,0.0 mm,,,,8.6 °C 10:29 TU,3.5 °C 4:15 TU,5.5 °C
YS,Cabanes,CABANES_YS,2026-01-29,2026-01-29 11:55:13,https://www.meteo.cat/observacions/xema/dades?codi=YS&dia=2026-01-29T09:00Z,,93%,0.0 mm,,2.3 MJ/m2,7.9 km/h - 266º 0:25 TU,11.0 °C 10:29 TU,1.1 °C 3:53 TU,3.2 °C
UP,Cabrils,CABRILS_UP,2026-01-29,2026-01-29 11:55:16,https://www.meteo.cat/observacions/xema/dades?codi=UP&dia=2026-01-29T09:00Z,,66%,0.0 mm,1001.4 hPa,0.2 MJ/m2,49.7 km/h - 306º 0:38 TU,9.6 °C 8:01 TU,6.4 °C 5:30 TU,7.6 °C
X9,Caldes de Montbui,CALDES_DE_MONTBUI_X9,2026-01-29,2026-01-29 11:55:18,https://www.meteo.cat/observacions/xema/dades?codi=X9&dia=2026-01-29T09:00Z,,80%,0.0 mm,1001.9 hPa,2.5 MJ/m2,23.8 km/h - 299º 0:12 TU,11.8 °C 10:19 TU,1.7 °C 3:07 TU,5.5 °C
WX,Camarasa,CAMARASA_WX,2026-01-29,2026-01-29 11:55:21,https://www.meteo.cat/observacions/xema/dades?codi=WX&dia=2026-01-29T09:00Z,,92%,0.0 mm,,1.5 MJ/m2,21.6 km/h - 298º 0:41 TU,5.6 °C 10:21 TU,0.6 °C 4:31 TU,2.1 °C
XU,Canyelles,CANYELLES_XU,2026-01-29,2026-01-29 11:55:23,https://www.meteo.cat/observacions/xema/dades?codi=XU&dia=2026-01-29T09:00Z,,73%,0.0 mm,,1.5 MJ/m2,25.9 km/h - 254º 5:21 TU,12.5 °C 10:23 TU,3.1 °C 3:39 TU,7.4 °C
MQ,Cardona,CARDONA_MQ,2026-01-29,2026-01-29 11:55:26,https://www.meteo.cat/observacions/xema/dades?codi=MQ&dia=2026-01-29T09:00Z,,99%,0.1 mm,,,,6.3 °C 10:15 TU,-1.9 °C 7:43 TU,0.0 °C
UN,Cassà de la Selva,CASSA_DE_LA_SELVA_UN,2026-01-29,2026-01-29 11:55:28,https://www.meteo.cat/observacions/xema/dades?codi=UN&dia=2026-01-29T09:00Z,,94%,0.1 mm,,1.8 MJ/m2,7.2 km/h - 202º 10:27 TU,9.7 °C 10:22 TU,-0.6 °C 5:08 TU,1.7 °C
DO,"Castell D'aro, Platja D'aro i S'agaró - Castell D'aro",CASTELL_DARO_PLATJA_DARO_I_SAGARO___CASTELL_DARO_D,2026-01-29,2026-01-29 11:55:31,https://www.meteo.cat/observacions/xema/dades?codi=DO&dia=2026-01-29T09:00Z,,85%,0.0 mm,1001.3 hPa,2.3 MJ/m2,18.7 km/h - 278º 10:27 TU,11.1 °C 10:28 TU,1.3 °C 5:32 TU,3.4 °C
MS,Castellar de N'hug - el Clot del Moro,CASTELLAR_DE_NHUG___EL_CLOT_DEL_MORO_MS,2026-01-29,2026-01-29 11:55:33,https://www.meteo.cat/observacions/xema/dades?codi=MS&dia=2026-01-29T09:00Z,,96%,0.0 mm,,,,0.7 °C 10:11 TU,-2.8 °C 4:36 TU,-1.8 °C
XC,Castellbisbal,CASTELLBISBAL_XC,2026-01-29,2026-01-29 11:55:35,https://www.meteo.cat/observacions/xema/dades?codi=XC&dia=2026-01-29T09:00Z,,79%,0.0 mm,1003.0 hPa,2.3 MJ/m2,22.3 km/h - 256º 1:08 TU,11.2 °C 10:26 TU,3.7 °C 7:30 TU,6.2 °C
U4,Castellnou de Bages,CASTELLNOU_DE_BAGES_U4,2026-01-29,2026-01-29 11:55:38,https://www.meteo.cat/observacions/xema/dades?codi=U4&dia=2026-01-29T09:00Z,,96%,0.0 mm,,2.8 MJ/m2,24.8 km/h - 313º 0:49 TU,5.2 °C 10:12 TU,-0.6 °C 7:17 TU,1.5 °C
C6,Castellnou de Seana,CASTELLNOU_DE_SEANA_C6,2026-01-29,2026-01-29 11:55:40,https://www.meteo.cat/observacions/xema/dades?codi=C6&dia=2026-01-29T09:00Z,,93%,0.0 mm,1003.6 hPa,1.1 MJ/m2,18.4 km/h - 224º 4:20 TU,8.1 °C 10:18 TU,0.7 °C 6:33 TU,3.2 °C
W1,Castelló D'empúries,CASTELLO_DEMPURIES_W1,2026-01-29,2026-01-29 11:55:43,https://www.meteo.cat/observacions/xema/dades?codi=W1&dia=2026-01-29T09:00Z,,98%,2.2 mm,,,,8.6 °C 10:29 TU,1.2 °C 5:47 TU,3.0 °C
C8,Cervera,CERVERA_C8,2026-01-29,2026-01-29 11:55:45,https://www.meteo.cat/observacions/xema/dades?codi=C8&dia=2026-01-29T09:00Z,,97%,0.0 mm,1003.1 hPa,1.7 MJ/m2,20.5 km/h - 279º 2:40 TU,6.1 °C 10:04 TU,1.7 °C 2:32 TU,2.9 °C
VQ,Constantí,CONSTANTI_VQ,2026-01-29,2026-01-29 11:55:48,https://www.meteo.cat/observacions/xema/dades?codi=VQ&dia=2026-01-29T09:00Z,,64%,0.0 mm,1002.2 hPa,1.5 MJ/m2,49.7 km/h - 299º 0:32 TU,11.8 °C 2:05 TU,6.7 °C 7:34 TU,9.4 °C
MR,Cornudella de Montsant - Pantà de Siurana,CORNUDELLA_DE_MONTSANT___PANTA_DE_SIURANA_MR,2026-01-29,2026-01-29 11:55:50,https://www.meteo.cat/observacions/xema/dades?codi=MR&dia=2026-01-29T09:00Z,,76%,0.0 mm,1002.7 hPa,1.2 MJ/m2,56.9 km/h - 259º 2:09 TU,8.6 °C 10:29 TU,4.9 °C 7:00 TU,6.5 °C
WZ,Cunit,CUNIT_WZ,2026-01-29,2026-01-29 11:55:53,https://www.meteo.cat/observacions/xema/dades?codi=WZ&dia=2026-01-29T09:00Z,,65%,0.0 mm,1002.6 hPa,1.4 MJ/m2,32.0 km/h - 308º 2:23 TU,12.9 °C 10:29 TU,7.3 °C 7:31 TU,9.6 °C
DP,Das - Aeròdrom,DAS___AERODROM_DP,2026-01-29,2026-01-29 11:55:55,https://www.meteo.cat/observacions/xema/dades?codi=DP&dia=2026-01-29T09:00Z,5 cm,89%,0.0 mm,1007.3 hPa,3.5 MJ/m2,11.2 km/h - 89º 5:24 TU,-0.9 °C 10:29 TU,-8.1 °C 4:29 TU,-5.5 °C
UQ,Dosrius - Pn Montnegre Corredor,DOSRIUS___PN_MONTNEGRE_CORREDOR_UQ,2026-01-29,2026-01-29 11:55:58,https://www.meteo.cat/observacions/xema/dades?codi=UQ&dia=2026-01-29T09:00Z,,72%,0.0 mm,,2.2 MJ/m2,29.2 km/h - 255º 0:54 TU,8.5 °C 10:29 TU,4.2 °C 5:25 TU,5.0 °C
WJ,El Masroig - el Masroig,EL_MASROIG___EL_MASROIG_WJ,2026-01-29,2026-01-29 11:56:00,https://www.meteo.cat/observacions/xema/dades?codi=WJ&dia=2026-01-29T09:00Z,,85%,0.0 mm,,,13.0 km/h - 268º 0:13 TU,10.2 °C 10:20 TU,3.2 °C 3:34 TU,5.5 °C
UH,El Montmell - el Montmell,EL_MONTMELL___EL_MONTMELL_UH,2026-01-29,2026-01-29 11:56:02,https://www.meteo.cat/observacions/xema/dades?codi=UH&dia=2026-01-29T09:00Z,,78%,0.0 mm,,1.4 MJ/m2,50.8 km/h - 246º 0:15 TU,8.4 °C 9:44 TU,4.4 °C 4:05 TU,5.5 °C
DB,El Perelló - el Perelló,EL_PERELLO___EL_PERELLO_DB,2026-01-29,2026-01-29 11:56:05,https://www.meteo.cat/observacions/xema/dades?codi=DB&dia=2026-01-29T09:00Z,,70%,0.3 mm,1002.7 hPa,0.9 MJ/m2,38.9 km/h - 305º 1:54 TU,11.5 °C 1:57 TU,7.5 °C 1:31 TU,9.3 °C
V8,El Poal - el Poal,EL_POAL___EL_POAL_V8,2026-01-29,2026-01-29 11:56:07,https://www.meteo.cat/observacions/xema/dades?codi=V8&dia=2026-01-29T09:00Z,,95%,0.0 mm,,1.1 MJ/m2,14.8 km/h - 228º 1:52 TU,6.6 °C 10:28 TU,0.5 °C 7:23 TU,3.2 °C
CT,El Pont de Suert - el Pont de Suert,EL_PONT_DE_SUERT___EL_PONT_DE_SUERT_CT,2026-01-29,2026-01-29 11:56:10,https://www.meteo.cat/observacions/xema/dades?codi=CT&dia=2026-01-29T09:00Z,,95%,0.0 mm,1005.8 hPa,1.5 MJ/m2,5.8 km/h - 119º 8:56 TU,2.9 °C 10:29 TU,-3.8 °C 7:08 TU,-2.2 °C
XL,El Prat de Llobregat - el Prat de Llobregat,EL_PRAT_DE_LLOBREGAT___EL_PRAT_DE_LLOBREGAT_XL,2026-01-29,2026-01-29 11:56:12,https://www.meteo.cat/observacions/xema/dades?codi=XL&dia=2026-01-29T09:00Z,,72%,0.0 mm,,2.6 MJ/m2,25.2 km/h - 339º 2:16 TU,13.4 °C 10:29 TU,5.5 °C 6:23 TU,8.2 °C
Y7,El Prat de Llobregat - Port de Barcelona - Bocana Sud,EL_PRAT_DE_LLOBREGAT___PORT_DE_BARCELONA___BOCANA_,2026-01-29,2026-01-29 11:56:14,https://www.meteo.cat/observacions/xema/dades?codi=Y7&dia=2026-01-29T09:00Z,,,,,,,,,
YQ,El Prat de Llobregat - Port de Barcelona - Zal Prat,EL_PRAT_DE_LLOBREGAT___PORT_DE_BARCELONA___ZAL_PRA,2026-01-29,2026-01-29 11:56:17,https://www.meteo.cat/observacions/xema/dades?codi=YQ&dia=2026-01-29T09:00Z,,67%,0.0 mm,1002.1 hPa,2.3 MJ/m2,27.4 km/h - 272º 2:01 TU,12.9 °C 10:29 TU,7.1 °C 5:06 TU,8.7 °C
D9,El Vendrell - el Vendrell,EL_VENDRELL___EL_VENDRELL_D9,2026-01-29,2026-01-29 11:56:19,https://www.meteo.cat/observacions/xema/dades?codi=D9&dia=2026-01-29T09:00Z,,70%,0.0 mm,1002.5 hPa,1.5 MJ/m2,28.4 km/h - 291º 0:12 TU,11.6 °C 10:29 TU,4.4 °C 5:06 TU,8.4 °C
XM,Els Alamús - els Alamús,ELS_ALAMUS___ELS_ALAMUS_XM,2026-01-29,2026-01-29 11:56:22,https://www.meteo.cat/observacions/xema/dades?codi=XM&dia=2026-01-29T09:00Z,,97%,0.0 mm,,,11.2 km/h - 258º 9:44 TU,8.3 °C 9:59 TU,1.9 °C 1:55 TU,4.0 °C
CE,Els Hostalets de Pierola - els Hostalets de Pierola,ELS_HOSTALETS_DE_PIEROLA___ELS_HOSTALETS_DE_PIEROL,2026-01-29,2026-01-29 11:56:24,https://www.meteo.cat/observacions/xema/dades?codi=CE&dia=2026-01-29T09:00Z,,79%,0.0 mm,1002.5 hPa,2.3 MJ/m2,28.1 km/h - 284º 0:43 TU,9.2 °C 10:28 TU,3.8 °C 4:38 TU,5.9 °C
VD,Els Plans de Sió - el Canós,ELS_PLANS_DE_SIO___EL_CANOS_VD,2026-01-29,2026-01-29 11:56:27,https://www.meteo.cat/observacions/xema/dades?codi=VD&dia=2026-01-29T09:00Z,,93%,0.0 mm,,1.4 MJ/m2,16.2 km/h - 232º 9:57 TU,6.5 °C 10:29 TU,1.7 °C 3:57 TU,3.1 °C
VZ,Espolla,ESPOLLA_VZ,2026-01-29,2026-01-29 11:56:30,https://www.meteo.cat/observacions/xema/dades?codi=VZ&dia=2026-01-29T09:00Z,,87%,0.0 mm,,,,10.3 °C 10:29 TU,0.8 °C 3:52 TU,3.4 °C
Z7,Espot (2.519 m),ESPOT_2519_M_Z7,2026-01-29,2026-01-29 11:56:32,https://www.meteo.cat/observacions/xema/dades?codi=Z7&dia=2026-01-29T09:00Z,99 cm,58%,0.0 mm,,0.9 MJ/m2,48.6 km/h - 192º 0:42 TU,-1.2 °C 9:37 TU,-7.7 °C 3:22 TU,-4.8 °C
X1,Falset,FALSET_X1,2026-01-29,2026-01-29 11:56:35,https://www.meteo.cat/observacions/xema/dades?codi=X1&dia=2026-01-29T09:00Z,,81%,0.1 mm,1003.6 hPa,1.1 MJ/m2,40.3 km/h - 310º 1:15 TU,9.5 °C 10:28 TU,4.9 °C 4:19 TU,6.3 °C
KP,Fogars de la Selva,FOGARS_DE_LA_SELVA_KP,2026-01-29,2026-01-29 11:56:37,https://www.meteo.cat/observacions/xema/dades?codi=KP&dia=2026-01-29T09:00Z,,92%,0.0 mm,,,,9.8 °C 10:29 TU,-0.7 °C 5:00 TU,1.5 °C
XK,Fogars de Montclús - Puig Sesolles (1.668 m),FOGARS_DE_MONTCLUS___PUIG_SESOLLES_1668_M_XK,2026-01-29,2026-01-29 11:56:39,https://www.meteo.cat/observacions/xema/dades?codi=XK&dia=2026-01-29T09:00Z,7 cm,63%,0.0 mm,,2.4 MJ/m2,62.3 km/h - 263º 10:20 TU,-0.2 °C 1:18 TU,-3.3 °C 8:00 TU,-1.3 °C
DI,Font-rubí,FONT_RUBI_DI,2026-01-29,2026-01-29 11:56:42,https://www.meteo.cat/observacions/xema/dades?codi=DI&dia=2026-01-29T09:00Z,,72%,0.0 mm,1002.4 hPa,1.4 MJ/m2,54.7 km/h - 285º 0:07 TU,9.8 °C 10:29 TU,4.0 °C 4:51 TU,6.5 °C
UO,Fornells de la Selva,FORNELLS_DE_LA_SELVA_UO,2026-01-29,2026-01-29 11:56:44,https://www.meteo.cat/observacions/xema/dades?codi=UO&dia=2026-01-29T09:00Z,,95%,0.0 mm,,,,7.5 °C 10:28 TU,-1.1 °C 5:42 TU,0.6 °C
Y4,Fígols i Alinyà - Alinyà,FIGOLS_I_ALINYA___ALINYA_Y4,2026-01-29,2026-01-29 11:56:47,https://www.meteo.cat/observacions/xema/dades?codi=Y4&dia=2026-01-29T09:00Z,,71%,0.0 mm,,,,1.7 °C 10:29 TU,-1.2 °C 5:07 TU,-0.2 °C
XP,Gandesa,GANDESA_XP,2026-01-29,2026-01-29 11:56:49,https://www.meteo.cat/observacions/xema/dades?codi=XP&dia=2026-01-29T09:00Z,,86%,0.8 mm,,1.0 MJ/m2,26.3 km/h - 257º 1:56 TU,8.5 °C 1:48 TU,4.1 °C 7:30 TU,6.5 °C
VH,Gimenells i el Pla de la Font - Gimenells,GIMENELLS_I_EL_PLA_DE_LA_FONT___GIMENELLS_VH,2026-01-29,2026-01-29 11:56:51,https://www.meteo.cat/observacions/xema/dades?codi=VH&dia=2026-01-29T09:00Z,,92%,0.1 mm,,1.3 MJ/m2,9.7 km/h - 0º 1:18 TU,7.7 °C 10:27 TU,1.4 °C 3:00 TU,3.7 °C
XJ,Girona,GIRONA_XJ,2026-01-29,2026-01-29 11:56:54,https://www.meteo.cat/observacions/xema/dades?codi=XJ&dia=2026-01-29T09:00Z,,97%,0.0 mm,1001.6 hPa,1.6 MJ/m2,9.0 km/h - 150º 9:44 TU,7.6 °C 10:20 TU,-1.1 °C 5:17 TU,1.1 °C
UI,Gisclareny,GISCLARENY_UI,2026-01-29,2026-01-29 11:56:56,https://www.meteo.cat/observacions/xema/dades?codi=UI&dia=2026-01-29T09:00Z,,64%,0.0 mm,,,,3.4 °C 10:27 TU,-1.7 °C 2:51 TU,-0.5 °C
WC,Golmés,GOLMES_WC,2026-01-29,2026-01-29 11:56:59,https://www.meteo.cat/observacions/xema/dades?codi=WC&dia=2026-01-29T09:00Z,,94%,0.0 mm,,1.1 MJ/m2,12.6 km/h - 155º 2:21 TU,7.7 °C 10:20 TU,1.5 °C 3:23 TU,3.3 °C
YM,Granollers,GRANOLLERS_YM,2026-01-29,2026-01-29 11:57:01,https://www.meteo.cat/observacions/xema/dades?codi=YM&dia=2026-01-29T09:00Z,,71%,0.0 mm,,,,11.2 °C 10:27 TU,5.4 °C 5:31 TU,6.6 °C
WV,Guardiola de Berguedà,GUARDIOLA_DE_BERGUEDA_WV,2026-01-29,2026-01-29 11:57:04,https://www.meteo.cat/observacions/xema/dades?codi=WV&dia=2026-01-29T09:00Z,,96%,0.1 mm,1004.6 hPa,2.7 MJ/m2,8.6 km/h - 348º 7:17 TU,3.9 °C 10:22 TU,-3.9 °C 4:31 TU,-2.2 °C
MV,Guixers - Valls,GUIXERS___VALLS_MV,2026-01-29,2026-01-29 11:57:06,https://www.meteo.cat/observacions/xema/dades?codi=MV&dia=2026-01-29T09:00Z,,100%,0.1 mm,,,,1.5 °C 10:29 TU,-4.5 °C 4:16 TU,-2.8 °C
D8,Horta de Sant Joan,HORTA_DE_SANT_JOAN_D8,2026-01-29,2026-01-29 11:57:09,https://www.meteo.cat/observacions/xema/dades?codi=D8&dia=2026-01-29T09:00Z,,89%,1.4 mm,1003.4 hPa,0.9 MJ/m2,29.9 km/h - 267º 1:40 TU,8.4 °C 10:29 TU,4.8 °C 7:00 TU,6.0 °C
CP,Isona i Conca Dellà - Sant Romà D'abella,ISONA_I_CONCA_DELLA___SANT_ROMA_DABELLA_CP,2026-01-29,2026-01-29 11:57:11,https://www.meteo.cat/observacions/xema/dades?codi=CP&dia=2026-01-29T09:00Z,,97%,0.0 mm,1004.7 hPa,1.7 MJ/m2,9.0 km/h - 77º 2:37 TU,3.8 °C 10:22 TU,-1.5 °C 5:13 TU,0.2 °C
U9,L'aldea - L'aldea,LALDEA___LALDEA_U9,2026-01-29,2026-01-29 11:57:14,https://www.meteo.cat/observacions/xema/dades?codi=U9&dia=2026-01-29T09:00Z,,67%,0.2 mm,,1.1 MJ/m2,23.0 km/h - 321º 4:41 TU,12.5 °C 10:12 TU,7.7 °C 7:15 TU,10.1 °C
UA,L'ametlla de Mar - L'ametlla de Mar,LAMETLLA_DE_MAR___LAMETLLA_DE_MAR_UA,2026-01-29,2026-01-29 11:57:16,https://www.meteo.cat/observacions/xema/dades?codi=UA&dia=2026-01-29T09:00Z,,76%,0.1 mm,,1.0 MJ/m2,15.5 km/h - 290º 4:30 TU,10.4 °C 9:56 TU,5.9 °C 2:25 TU,8.5 °C
CW,L'espluga de Francolí - L'espluga de Francolí,LESPLUGA_DE_FRANCOLI___LESPLUGA_DE_FRANCOLI_CW,2026-01-29,2026-01-29 11:57:18,https://www.meteo.cat/observacions/xema/dades?codi=CW&dia=2026-01-29T09:00Z,,80%,0.0 mm,1002.9 hPa,1.5 MJ/m2,42.1 km/h - 270º 0:04 TU,8.1 °C 10:29 TU,4.3 °C 7:30 TU,5.4 °C
YU,L'esquirol - Cantonigròs,LESQUIROL___CANTONIGROS_YU,2026-01-29,2026-01-29 11:57:21,https://www.meteo.cat/observacions/xema/dades?codi=YU&dia=2026-01-29T09:00Z,,91%,0.0 mm,,2.6 MJ/m2,10.4 km/h - 101º 3:09 TU,2.8 °C 10:28 TU,-1.6 °C 5:10 TU,-0.5 °C
DF,La Bisbal D'empordà - la Bisbal D'empordà,LA_BISBAL_DEMPORDA___LA_BISBAL_DEMPORDA_DF,2026-01-29,2026-01-29 11:57:23,https://www.meteo.cat/observacions/xema/dades?codi=DF&dia=2026-01-29T09:00Z,,95%,0.0 mm,1001.2 hPa,1.8 MJ/m2,9.7 km/h - 180º 1:55 TU,8.2 °C 10:25 TU,0.5 °C 5:33 TU,2.4 °C
WO,La Bisbal del Penedès - la Bisbal del Penedès,LA_BISBAL_DEL_PENEDES___LA_BISBAL_DEL_PENEDES_WO,2026-01-29,2026-01-29 11:57:26,https://www.meteo.cat/observacions/xema/dades?codi=WO&dia=2026-01-29T09:00Z,,70%,0.0 mm,,,,11.4 °C 10:26 TU,5.6 °C 4:48 TU,7.9 °C
ZE,La Coma i la Pedra - el Port del Comte (2.290 m),LA_COMA_I_LA_PEDRA___EL_PORT_DEL_COMTE_2290_M_ZE,2026-01-29,2026-01-29 11:57:28,https://www.meteo.cat/observacions/xema/dades?codi=ZE&dia=2026-01-29T09:00Z,sense dades,sense dades,sense dades,,sense dades,sense dades sense dades,sense dades sense dades,sense dades sense dades,sense dades
UM,La Granadella - la Granadella,LA_GRANADELLA___LA_GRANADELLA_UM,2026-01-29,2026-01-29 11:57:30,https://www.meteo.cat/observacions/xema/dades?codi=UM&dia=2026-01-29T09:00Z,,89%,0.1 mm,,1.3 MJ/m2,22.3 km/h - 311º 0:23 TU,7.6 °C 10:29 TU,3.6 °C 2:42 TU,5.4 °C
XB,La Llacuna - la Llacuna,LA_LLACUNA___LA_LLACUNA_XB,2026-01-29,2026-01-29 11:57:33,https://www.meteo.cat/observacions/xema/dades?codi=XB&dia=2026-01-29T09:00Z,,83%,0.0 mm,,,,8.1 °C 10:29 TU,2.8 °C 3:48 TU,4.7 °C
YC,La Pobla de Segur - la Pobla de Segur,LA_POBLA_DE_SEGUR___LA_POBLA_DE_SEGUR_YC,2026-01-29,2026-01-29 11:57:35,https://www.meteo.cat/observacions/xema/dades?codi=YC&dia=2026-01-29T09:00Z,,96%,0.0 mm,1005.0 hPa,1.6 MJ/m2,12.6 km/h - 6º 4:58 TU,3.8 °C 10:22 TU,-1.1 °C 7:05 TU,0.0 °C
CR,La Quar - la Quar,LA_QUAR___LA_QUAR_CR,2026-01-29,2026-01-29 11:57:38,https://www.meteo.cat/observacions/xema/dades?codi=CR&dia=2026-01-29T09:00Z,,95%,0.0 mm,1003.8 hPa,,18.7 km/h - 70º 2:53 TU,2.3 °C 10:12 TU,-2.3 °C 7:15 TU,-1.1 °C
KX,La Roca del Vallès - la Roca del Vallès - Etap Cardedeu,LA_ROCA_DEL_VALLES___LA_ROCA_DEL_VALLES___ETAP_CAR,2026-01-29,2026-01-29 11:57:40,https://www.meteo.cat/observacions/xema/dades?codi=KX&dia=2026-01-29T09:00Z,,,,,,,,,
UW,La Ràpita - els Alfacs,LA_RAPITA___ELS_ALFACS_UW,2026-01-29,2026-01-29 11:57:43,https://www.meteo.cat/observacions/xema/dades?codi=UW&dia=2026-01-29T09:00Z,,71%,0.0 mm,1002.7 hPa,1.2 MJ/m2,22.3 km/h - 197º 3:06 TU,13.0 °C 3:08 TU,9.1 °C 7:09 TU,10.3 °C
CD,La Seu D'urgell - la Seu D'urgell - Bellestar,LA_SEU_DURGELL___LA_SEU_DURGELL___BELLESTAR_CD,2026-01-29,2026-01-29 11:57:45,https://www.meteo.cat/observacions/xema/dades?codi=CD&dia=2026-01-29T09:00Z,,91%,0.0 mm,1005.1 hPa,2.7 MJ/m2,11.2 km/h - 25º 4:37 TU,3.2 °C 10:19 TU,-2.7 °C 3:36 TU,-1.4 °C
UB,La Tallada D'empordà - la Tallada D'empordà,LA_TALLADA_DEMPORDA___LA_TALLADA_DEMPORDA_UB,2026-01-29,2026-01-29 11:57:48,https://www.meteo.cat/observacions/xema/dades?codi=UB&dia=2026-01-29T09:00Z,,96%,0.0 mm,,2.1 MJ/m2,9.4 km/h - 279º 10:15 TU,7.8 °C 10:29 TU,0.3 °C 3:52 TU,2.2 °C
ZD,La Tosa D'alp (2.478 m),LA_TOSA_DALP_2478_M_ZD,2026-01-29,2026-01-29 11:57:50,https://www.meteo.cat/observacions/xema/dades?codi=ZD&dia=2026-01-29T09:00Z,,95%,,,0.9 MJ/m2,0.0 km/h - 0º 0:00 TU,-5.8 °C 10:26 TU,-10.0 °C 0:00 TU,-8.5 °C
W9,La Vall D'en Bas - la Vall D'en Bas,LA_VALL_DEN_BAS___LA_VALL_DEN_BAS_W9,2026-01-29,2026-01-29 11:57:53,https://www.meteo.cat/observacions/xema/dades?codi=W9&dia=2026-01-29T09:00Z,,96%,0.0 mm,,2.2 MJ/m2,7.2 km/h - 80º 10:26 TU,7.3 °C 10:29 TU,-1.8 °C 5:12 TU,0.0 °C
Z2,La Vall de Boí - Boí (2.535 m),LA_VALL_DE_BOI___BOI_2535_M_Z2,2026-01-29,2026-01-29 11:57:55,https://www.meteo.cat/observacions/xema/dades?codi=Z2&dia=2026-01-29T09:00Z,135 cm,93%,0.0 mm,,2.1 MJ/m2,45.4 km/h - 295º 8:01 TU,-5.3 °C 9:29 TU,-9.8 °C 3:10 TU,-8.2 °C
YD,Les Borges Blanques - Les Borges Blanques,LES_BORGES_BLANQUES___LES_BORGES_BLANQUES_YD,2026-01-29,2026-01-29 11:57:57,https://www.meteo.cat/observacions/xema/dades?codi=YD&dia=2026-01-29T09:00Z,,82%,0.0 mm,1003.2 hPa,1.5 MJ/m2,20.2 km/h - 271º 0:21 TU,9.6 °C 10:25 TU,2.5 °C 4:22 TU,5.3 °C
US,Les Cases D'alcanar,LES_CASES_DALCANAR_US,2026-01-29,2026-01-29 11:58:00,https://www.meteo.cat/observacions/xema/dades?codi=US&dia=2026-01-29T09:00Z,,71%,0.0 mm,,1.1 MJ/m2,14.8 km/h - 277º 2:48 TU,12.7 °C 10:14 TU,6.7 °C 0:00 TU,10.3 °C
Z5,Lladorre - Certascan (2.400 m),LLADORRE___CERTASCAN_2400_M_Z5,2026-01-29,2026-01-29 11:58:03,https://www.meteo.cat/observacions/xema/dades?codi=Z5&dia=2026-01-29T09:00Z,148 cm,61%,0.0 mm,,1.6 MJ/m2,39.6 km/h - 287º 1:20 TU,-0.8 °C 9:23 TU,-7.3 °C 3:30 TU,-5.1 °C
VO,Lladurs,LLADURS_VO,2026-01-29,2026-01-29 11:58:05,https://www.meteo.cat/observacions/xema/dades?codi=VO&dia=2026-01-29T09:00Z,,92%,0.1 mm,,2.5 MJ/m2,10.1 km/h - 68º 1:59 TU,6.3 °C 10:19 TU,-1.6 °C 7:11 TU,0.2 °C
YJ,Lleida - la Femosa,LLEIDA___LA_FEMOSA_YJ,2026-01-29,2026-01-29 11:58:08,https://www.meteo.cat/observacions/xema/dades?codi=YJ&dia=2026-01-29T09:00Z,,90%,0.0 mm,,1.4 MJ/m2,11.2 km/h - 206º 2:32 TU,8.5 °C 10:28 TU,2.1 °C 5:05 TU,4.4 °C
VK,Lleida - Raimat,LLEIDA___RAIMAT_VK,2026-01-29,2026-01-29 11:58:11,https://www.meteo.cat/observacions/xema/dades?codi=VK&dia=2026-01-29T09:00Z,,99%,0.0 mm,1003.7 hPa,1.2 MJ/m2,14.8 km/h - 6º 1:15 TU,6.9 °C 10:28 TU,1.1 °C 4:02 TU,3.6 °C
WI,Maials,MAIALS_WI,2026-01-29,2026-01-29 11:58:13,https://www.meteo.cat/observacions/xema/dades?codi=WI&dia=2026-01-29T09:00Z,,91%,0.1 mm,,1.6 MJ/m2,20.2 km/h - 286º 4:44 TU,9.3 °C 10:29 TU,0.1 °C 2:47 TU,4.9 °C
WT,Malgrat de Mar,MALGRAT_DE_MAR_WT,2026-01-29,2026-01-29 11:58:16,https://www.meteo.cat/observacions/xema/dades?codi=WT&dia=2026-01-29T09:00Z,,80%,0.0 mm,1001.3 hPa,2.4 MJ/m2,25.2 km/h - 248º 10:18 TU,12.6 °C 10:14 TU,2.2 °C 5:16 TU,4.8 °C
D1,Margalef,MARGALEF_D1,2026-01-29,2026-01-29 11:58:18,https://www.meteo.cat/observacions/xema/dades?codi=D1&dia=2026-01-29T09:00Z,,90%,0.0 mm,1003.8 hPa,1.3 MJ/m2,14.0 km/h - 249º 0:48 TU,8.9 °C 10:14 TU,2.4 °C 4:09 TU,4.4 °C
C9,Mas de Barberans,MAS_DE_BARBERANS_C9,2026-01-29,2026-01-29 11:58:21,https://www.meteo.cat/observacions/xema/dades?codi=C9&dia=2026-01-29T09:00Z,,70%,0.4 mm,1002.8 hPa,1.1 MJ/m2,40.0 km/h - 273º 0:52 TU,12.3 °C 1:39 TU,6.6 °C 7:07 TU,9.5 °C
YE,Massoteres,MASSOTERES_YE,2026-01-29,2026-01-29 11:58:23,https://www.meteo.cat/observacions/xema/dades?codi=YE&dia=2026-01-29T09:00Z,,94%,0.0 mm,,2.1 MJ/m2,24.8 km/h - 251º 0:04 TU,5.7 °C 10:29 TU,0.2 °C 6:15 TU,2.1 °C
YV,Mataró,MATARO_YV,2026-01-29,2026-01-29 11:58:26,https://www.meteo.cat/observacions/xema/dades?codi=YV&dia=2026-01-29T09:00Z,,65%,0.0 mm,,,40.3 km/h - 293º 0:52 TU,11.3 °C 10:26 TU,6.5 °C 4:47 TU,7.9 °C
WP,Mediona - Canaletes,MEDIONA___CANALETES_WP,2026-01-29,2026-01-29 11:58:29,https://www.meteo.cat/observacions/xema/dades?codi=WP&dia=2026-01-29T09:00Z,,84%,0.0 mm,,1.7 MJ/m2,33.5 km/h - 333º 0:45 TU,10.0 °C 10:18 TU,2.4 °C 4:06 TU,5.2 °C
Z3,Meranges - Malniu (2.230 m),MERANGES___MALNIU_2230_M_Z3,2026-01-29,2026-01-29 11:58:32,https://www.meteo.cat/observacions/xema/dades?codi=Z3&dia=2026-01-29T09:00Z,128 cm,59%,0.0 mm,,1.6 MJ/m2,18.4 km/h - 254º 5:22 TU,0.7 °C 10:25 TU,-7.4 °C 0:04 TU,-5.0 °C
XI,Mollerussa,MOLLERUSSA_XI,2026-01-29,2026-01-29 11:58:35,https://www.meteo.cat/observacions/xema/dades?codi=XI&dia=2026-01-29T09:00Z,,91%,0.0 mm,1003.7 hPa,1.1 MJ/m2,15.1 km/h - 225º 3:30 TU,8.0 °C 9:59 TU,1.6 °C 6:16 TU,4.2 °C
CG,Molló - Fabert,MOLLO___FABERT_CG,2026-01-29,2026-01-29 11:58:38,https://www.meteo.cat/observacions/xema/dades?codi=CG&dia=2026-01-29T09:00Z,9 cm,48%,0.0 mm,1002.0 hPa,2.4 MJ/m2,19.1 km/h - 8º 1:21 TU,5.1 °C 9:46 TU,-2.1 °C 5:20 TU,-0.3 °C
WN,Monistrol de Montserrat - Montserrat - Sant Dimes,MONISTROL_DE_MONTSERRAT___MONTSERRAT___SANT_DIMES_,2026-01-29,2026-01-29 11:58:40,https://www.meteo.cat/observacions/xema/dades?codi=WN&dia=2026-01-29T09:00Z,,88%,0.0 mm,,2.2 MJ/m2,60.5 km/h - 324º 0:08 TU,6.2 °C 10:17 TU,1.3 °C 4:20 TU,2.8 °C
YF,Mont-roig del Camp - Miami Platja,MONT_ROIG_DEL_CAMP___MIAMI_PLATJA_YF,2026-01-29,2026-01-29 11:58:43,https://www.meteo.cat/observacions/xema/dades?codi=YF&dia=2026-01-29T09:00Z,,71%,0.0 mm,1002.7 hPa,0.8 MJ/m2,32.4 km/h - 209º 1:17 TU,12.4 °C 10:29 TU,7.8 °C 7:10 TU,9.2 °C
Z9,Montellà i Martinet - Cadí Nord (2.143 m) - Prat D'aguiló,MONTELLA_I_MARTINET___CADI_NORD_2143_M___PRAT_DAGU,2026-01-29,2026-01-29 11:58:45,https://www.meteo.cat/observacions/xema/dades?codi=Z9&dia=2026-01-29T09:00Z,160 cm,91%,0.1 mm,,1.9 MJ/m2,32.4 km/h - 246º 2:16 TU,-3.1 °C 10:25 TU,-7.3 °C 4:48 TU,-6.2 °C
V4,Montesquiu,MONTESQUIU_V4,2026-01-29,2026-01-29 11:58:48,https://www.meteo.cat/observacions/xema/dades?codi=V4&dia=2026-01-29T09:00Z,,97%,0.0 mm,,,,4.2 °C 10:25 TU,-2.7 °C 4:30 TU,-1.2 °C
XA,Montmaneu - la Panadella,MONTMANEU___LA_PANADELLA_XA,2026-01-29,2026-01-29 11:58:50,https://www.meteo.cat/observacions/xema/dades?codi=XA&dia=2026-01-29T09:00Z,,98%,0.1 mm,1003.9 hPa,2.1 MJ/m2,42.8 km/h - 287º 1:56 TU,5.2 °C 10:29 TU,0.8 °C 2:38 TU,1.8 °C
CY,Muntanyola,MUNTANYOLA_CY,2026-01-29,2026-01-29 11:58:53,https://www.meteo.cat/observacions/xema/dades?codi=CY&dia=2026-01-29T09:00Z,,88%,0.0 mm,1002.9 hPa,2.5 MJ/m2,25.6 km/h - 269º 0:43 TU,6.4 °C 10:22 TU,-0.7 °C 5:40 TU,1.2 °C
Y5,Navata,NAVATA_Y5,2026-01-29,2026-01-29 11:58:55,https://www.meteo.cat/observacions/xema/dades?codi=Y5&dia=2026-01-29T09:00Z,,91%,0.0 mm,,2.3 MJ/m2,13.3 km/h - 238º 2:55 TU,12.3 °C 10:29 TU,1.3 °C 6:00 TU,3.5 °C
MW,Navès,NAVES_MW,2026-01-29,2026-01-29 11:58:58,https://www.meteo.cat/observacions/xema/dades?codi=MW&dia=2026-01-29T09:00Z,,,,,,,,,
VY,Nulles,NULLES_VY,2026-01-29,2026-01-29 11:59:00,https://www.meteo.cat/observacions/xema/dades?codi=VY&dia=2026-01-29T09:00Z,,72%,0.0 mm,,,,10.7 °C 10:21 TU,3.8 °C 7:32 TU,6.9 °C
W5,Oliana,OLIANA_W5,2026-01-29,2026-01-29 11:59:02,https://www.meteo.cat/observacions/xema/dades?codi=W5&dia=2026-01-29T09:00Z,,84%,0.0 mm,,2.1 MJ/m2,22.7 km/h - 326º 4:19 TU,7.0 °C 10:29 TU,-0.9 °C 3:00 TU,1.5 °C
WA,Oliola,OLIOLA_WA,2026-01-29,2026-01-29 11:59:05,https://www.meteo.cat/observacions/xema/dades?codi=WA&dia=2026-01-29T09:00Z,,97%,0.0 mm,,1.9 MJ/m2,13.0 km/h - 219º 10:21 TU,5.8 °C 10:21 TU,-1.4 °C 7:06 TU,1.3 °C
YB,Olot,OLOT_YB,2026-01-29,2026-01-29 11:59:07,https://www.meteo.cat/observacions/xema/dades?codi=YB&dia=2026-01-29T09:00Z,,88%,0.0 mm,1002.4 hPa,2.3 MJ/m2,8.3 km/h - 199º 5:48 TU,9.2 °C 10:29 TU,-2.0 °C 4:58 TU,0.5 °C
CJ,Organyà,ORGANYA_CJ,2026-01-29,2026-01-29 11:59:09,https://www.meteo.cat/observacions/xema/dades?codi=CJ&dia=2026-01-29T09:00Z,,88%,0.0 mm,1004.6 hPa,1.9 MJ/m2,37.8 km/h - 31º 7:56 TU,3.9 °C 10:29 TU,-1.9 °C 3:04 TU,0.0 °C
CC,Orís,ORIS_CC,2026-01-29,2026-01-29 11:59:12,https://www.meteo.cat/observacions/xema/dades?codi=CC&dia=2026-01-29T09:00Z,,92%,0.0 mm,1003.8 hPa,2.7 MJ/m2,10.4 km/h - 210º 5:25 TU,4.9 °C 10:24 TU,-2.8 °C 4:43 TU,-0.9 °C
UY,Os de Balaguer - el Monestir D'avellanes,OS_DE_BALAGUER___EL_MONESTIR_DAVELLANES_UY,2026-01-29,2026-01-29 11:59:14,https://www.meteo.cat/observacions/xema/dades?codi=UY&dia=2026-01-29T09:00Z,,86%,0.0 mm,,1.2 MJ/m2,22.3 km/h - 297º 7:04 TU,6.9 °C 9:44 TU,0.6 °C 3:40 TU,3.6 °C
YP,Palafrugell,PALAFRUGELL_YP,2026-01-29,2026-01-29 11:59:17,https://www.meteo.cat/observacions/xema/dades?codi=YP&dia=2026-01-29T09:00Z,,89%,0.0 mm,,2.0 MJ/m2,12.6 km/h - 350º 5:58 TU,10.8 °C 10:29 TU,0.4 °C 5:41 TU,3.4 °C
J5,Pantà de Darnius - Boadella,PANTA_DE_DARNIUS___BOADELLA_J5,2026-01-29,2026-01-29 11:59:19,https://www.meteo.cat/observacions/xema/dades?codi=J5&dia=2026-01-29T09:00Z,,89%,0.0 mm,1001.2 hPa,2.4 MJ/m2,16.2 km/h - 346º 0:05 TU,9.6 °C 10:27 TU,2.8 °C 5:36 TU,4.5 °C
XG,Parets del Vallès,PARETS_DEL_VALLES_XG,2026-01-29,2026-01-29 11:59:22,https://www.meteo.cat/observacions/xema/dades?codi=XG&dia=2026-01-29T09:00Z,,76%,0.0 mm,1002.5 hPa,2.6 MJ/m2,24.1 km/h - 260º 5:44 TU,11.5 °C 10:27 TU,4.1 °C 6:52 TU,7.0 °C
V5,Perafita,PERAFITA_V5,2026-01-29,2026-01-29 11:59:24,https://www.meteo.cat/observacions/xema/dades?codi=V5&dia=2026-01-29T09:00Z,,98%,0.2 mm,,2.6 MJ/m2,11.9 km/h - 66º 3:00 TU,5.5 °C 10:23 TU,-2.1 °C 4:37 TU,-0.3 °C
VP,Pinós,PINOS_VP,2026-01-29,2026-01-29 11:59:27,https://www.meteo.cat/observacions/xema/dades?codi=VP&dia=2026-01-29T09:00Z,,95%,0.0 mm,,2.1 MJ/m2,32.8 km/h - 257º 0:07 TU,5.4 °C 10:29 TU,0.8 °C 3:46 TU,1.9 °C
D6,Portbou - Coll dels Belitres,PORTBOU___COLL_DELS_BELITRES_D6,2026-01-29,2026-01-29 11:59:29,https://www.meteo.cat/observacions/xema/dades?codi=D6&dia=2026-01-29T09:00Z,,57%,0.0 mm,1000.3 hPa,2.2 MJ/m2,28.8 km/h - 2º 1:59 TU,11.9 °C 10:22 TU,7.3 °C 3:42 TU,8.6 °C
XR,Prades,PRADES_XR,2026-01-29,2026-01-29 11:59:32,https://www.meteo.cat/observacions/xema/dades?codi=XR&dia=2026-01-29T09:00Z,1 cm,93%,0.0 mm,,1.3 MJ/m2,32.4 km/h - 299º 0:02 TU,5.7 °C 10:15 TU,1.7 °C 7:00 TU,2.7 °C
YA,Puigcerdà,PUIGCERDA_YA,2026-01-29,2026-01-29 11:59:34,https://www.meteo.cat/observacions/xema/dades?codi=YA&dia=2026-01-29T09:00Z,,82%,0.0 mm,1005.7 hPa,3.0 MJ/m2,8.3 km/h - 50º 8:05 TU,0.8 °C 9:31 TU,-6.7 °C 5:02 TU,-4.1 °C
YH,Pujalt,PUJALT_YH,2026-01-29,2026-01-29 11:59:36,https://www.meteo.cat/observacions/xema/dades?codi=YH&dia=2026-01-29T09:00Z,,100%,0.0 mm,,2.3 MJ/m2,40.3 km/h - 276º 1:26 TU,4.9 °C 10:28 TU,0.5 °C 5:00 TU,1.6 °C
DG,Queralbs - Núria (1.971 m),QUERALBS___NURIA_1971_M_DG,2026-01-29,2026-01-29 11:59:39,https://www.meteo.cat/observacions/xema/dades?codi=DG&dia=2026-01-29T09:00Z,123 cm,57%,0.0 mm,,2.5 MJ/m2,31.7 km/h - 28º 0:03 TU,2.0 °C 9:51 TU,-7.1 °C 5:02 TU,-3.7 °C
VU,Rellinars,RELLINARS_VU,2026-01-29,2026-01-29 11:59:41,https://www.meteo.cat/observacions/xema/dades?codi=VU&dia=2026-01-29T09:00Z,,83%,0.0 mm,,2.3 MJ/m2,10.1 km/h - 76º 3:24 TU,8.3 °C 10:29 TU,2.0 °C 6:03 TU,3.9 °C
VC,Riba-roja D'ebre - Pantà de Riba-roja,RIBA_ROJA_DEBRE___PANTA_DE_RIBA_ROJA_VC,2026-01-29,2026-01-29 11:59:44,https://www.meteo.cat/observacions/xema/dades?codi=VC&dia=2026-01-29T09:00Z,,83%,0.1 mm,,1.2 MJ/m2,23.0 km/h - 251º 4:54 TU,9.2 °C 10:09 TU,6.5 °C 3:10 TU,7.7 °C
YL,Riudecanyes,RIUDECANYES_YL,2026-01-29,2026-01-29 11:59:47,https://www.meteo.cat/observacions/xema/dades?codi=YL&dia=2026-01-29T09:00Z,,70%,0.1 mm,,1.0 MJ/m2,42.1 km/h - 316º 0:16 TU,10.5 °C 1:36 TU,5.2 °C 7:18 TU,8.4 °C
X5,Roquetes - Pn dels Ports,ROQUETES___PN_DELS_PORTS_X5,2026-01-29,2026-01-29 11:59:49,https://www.meteo.cat/observacions/xema/dades?codi=X5&dia=2026-01-29T09:00Z,2 cm,93%,5.1 mm,1003.7 hPa,0.8 MJ/m2,59.4 km/h - 270º 0:36 TU,7.4 °C 10:28 TU,1.1 °C 7:14 TU,3.3 °C
D4,Roses,ROSES_D4,2026-01-29,2026-01-29 11:59:52,https://www.meteo.cat/observacions/xema/dades?codi=D4&dia=2026-01-29T09:00Z,,96%,0.0 mm,1001.2 hPa,2.3 MJ/m2,9.4 km/h - 56º 5:14 TU,9.5 °C 10:29 TU,1.4 °C 7:32 TU,3.8 °C
XF,Sabadell - Parc Agrari,SABADELL___PARC_AGRARI_XF,2026-01-29,2026-01-29 11:59:54,https://www.meteo.cat/observacions/xema/dades?codi=XF&dia=2026-01-29T09:00Z,,88%,0.0 mm,1002.3 hPa,2.5 MJ/m2,24.8 km/h - 289º 10:13 TU,11.0 °C 10:22 TU,3.6 °C 3:43 TU,5.8 °C
XV,Sant Cugat del Vallès - Car,SANT_CUGAT_DEL_VALLES___CAR_XV,2026-01-29,2026-01-29 11:59:57,https://www.meteo.cat/observacions/xema/dades?codi=XV&dia=2026-01-29T09:00Z,,77%,0.0 mm,,2.2 MJ/m2,25.6 km/h - 250º 10:11 TU,10.2 °C 10:22 TU,3.6 °C 2:42 TU,6.1 °C
WQ,Sant Esteve de la Sarga - Montsec D'ares (1.572 m),SANT_ESTEVE_DE_LA_SARGA___MONTSEC_DARES_1572_M_WQ,2026-01-29,2026-01-29 11:59:59,https://www.meteo.cat/observacions/xema/dades?codi=WQ&dia=2026-01-29T09:00Z,,99%,0.0 mm,,1.2 MJ/m2,59.0 km/h - 305º 2:03 TU,-0.2 °C 9:58 TU,-2.7 °C 0:43 TU,-1.9 °C
DL,Sant Jaume D'enveja - Illa de Buda,SANT_JAUME_DENVEJA___ILLA_DE_BUDA_DL,2026-01-29,2026-01-29 12:00:02,https://www.meteo.cat/observacions/xema/dades?codi=DL&dia=2026-01-29T09:00Z,,69%,0.0 mm,1002.8 hPa,1.3 MJ/m2,17.3 km/h - 153º 2:58 TU,12.4 °C 10:29 TU,9.1 °C 0:59 TU,10.8 °C
M6,Sant Joan de Les Abadesses,SANT_JOAN_DE_LES_ABADESSES_M6,2026-01-29,2026-01-29 12:00:04,https://www.meteo.cat/observacions/xema/dades?codi=M6&dia=2026-01-29T09:00Z,,,,,,,,,
VV,Sant Llorenç Savall,SANT_LLORENC_SAVALL_VV,2026-01-29,2026-01-29 12:00:07,https://www.meteo.cat/observacions/xema/dades?codi=VV&dia=2026-01-29T09:00Z,,76%,0.0 mm,,,43.2 km/h - 16º 7:00 TU,8.1 °C 10:29 TU,2.3 °C 2:20 TU,4.8 °C
WL,Sant Martí de Riucorb,SANT_MARTI_DE_RIUCORB_WL,2026-01-29,2026-01-29 12:00:09,https://www.meteo.cat/observacions/xema/dades?codi=WL&dia=2026-01-29T09:00Z,,91%,0.0 mm,,1.2 MJ/m2,11.2 km/h - 252º 10:03 TU,7.5 °C 10:21 TU,1.3 °C 2:27 TU,3.4 °C
U3,Sant Martí Sarroca,SANT_MARTI_SARROCA_U3,2026-01-29,2026-01-29 12:00:12,https://www.meteo.cat/observacions/xema/dades?codi=U3&dia=2026-01-29T09:00Z,,73%,0.0 mm,,1.5 MJ/m2,29.2 km/h - 272º 5:58 TU,10.3 °C 10:29 TU,3.7 °C 4:27 TU,7.0 °C
CI,Sant Pau de Segúries,SANT_PAU_DE_SEGURIES_CI,2026-01-29,2026-01-29 12:00:14,https://www.meteo.cat/observacions/xema/dades?codi=CI&dia=2026-01-29T09:00Z,,95%,0.0 mm,1004.7 hPa,,18.4 km/h - 230º 9:55 TU,3.1 °C 10:29 TU,-3.0 °C 4:02 TU,-1.8 °C
UK,Sant Pere de Ribes - Pn del Garraf,SANT_PERE_DE_RIBES___PN_DEL_GARRAF_UK,2026-01-29,2026-01-29 12:00:17,https://www.meteo.cat/observacions/xema/dades?codi=UK&dia=2026-01-29T09:00Z,,68%,0.0 mm,,,,12.1 °C 10:08 TU,6.3 °C 3:01 TU,8.2 °C
U2,Sant Pere Pescador,SANT_PERE_PESCADOR_U2,2026-01-29,2026-01-29 12:00:19,https://www.meteo.cat/observacions/xema/dades?codi=U2&dia=2026-01-29T09:00Z,,93%,0.0 mm,1001.6 hPa,2.3 MJ/m2,13.7 km/h - 285º 4:57 TU,8.9 °C 10:29 TU,0.6 °C 3:38 TU,3.1 °C
YO,Sant Sadurní D'anoia,SANT_SADURNI_DANOIA_YO,2026-01-29,2026-01-29 12:00:22,https://www.meteo.cat/observacions/xema/dades?codi=YO&dia=2026-01-29T09:00Z,,80%,0.0 mm,,2.1 MJ/m2,17.3 km/h - 256º 8:31 TU,10.7 °C 9:58 TU,2.9 °C 4:43 TU,5.9 °C
CL,Sant Salvador de Guardiola,SANT_SALVADOR_DE_GUARDIOLA_CL,2026-01-29,2026-01-29 12:00:24,https://www.meteo.cat/observacions/xema/dades?codi=CL&dia=2026-01-29T09:00Z,,90%,0.0 mm,1003.7 hPa,2.5 MJ/m2,24.8 km/h - 232º 0:00 TU,6.3 °C 0:20 TU,-0.3 °C 7:34 TU,2.3 °C
XS,Santa Coloma de Farners,SANTA_COLOMA_DE_FARNERS_XS,2026-01-29,2026-01-29 12:00:27,https://www.meteo.cat/observacions/xema/dades?codi=XS&dia=2026-01-29T09:00Z,,85%,0.0 mm,,1.9 MJ/m2,10.1 km/h - 308º 4:09 TU,9.7 °C 10:29 TU,0.1 °C 5:13 TU,2.6 °C
UJ,Santa Coloma de Queralt,SANTA_COLOMA_DE_QUERALT_UJ,2026-01-29,2026-01-29 12:00:29,https://www.meteo.cat/observacions/xema/dades?codi=UJ&dia=2026-01-29T09:00Z,,92%,0.0 mm,,2.1 MJ/m2,37.1 km/h - 282º 0:07 TU,7.0 °C 10:29 TU,1.6 °C 2:14 TU,3.1 °C
XN,Seròs,SEROS_XN,2026-01-29,2026-01-29 12:00:32,https://www.meteo.cat/observacions/xema/dades?codi=XN&dia=2026-01-29T09:00Z,,90%,0.6 mm,,1.5 MJ/m2,9.7 km/h - 254º 6:12 TU,9.5 °C 10:27 TU,1.5 °C 3:38 TU,5.0 °C
ZC,Setcases - Ulldeter (2.413 m),SETCASES___ULLDETER_2413_M_ZC,2026-01-29,2026-01-29 12:00:34,https://www.meteo.cat/observacions/xema/dades?codi=ZC&dia=2026-01-29T09:00Z,62 cm,52%,0.0 mm,,2.7 MJ/m2,45.0 km/h - 229º 1:15 TU,-0.8 °C 10:18 TU,-7.2 °C 0:24 TU,-4.6 °C
XT,Solsona,SOLSONA_XT,2026-01-29,2026-01-29 12:00:37,https://www.meteo.cat/observacions/xema/dades?codi=XT&dia=2026-01-29T09:00Z,,83%,0.0 mm,1002.6 hPa,2.0 MJ/m2,34.2 km/h - 276º 2:19 TU,6.5 °C 10:10 TU,0.7 °C 7:35 TU,2.2 °C
XH,Sort,SORT_XH,2026-01-29,2026-01-29 12:00:39,https://www.meteo.cat/observacions/xema/dades?codi=XH&dia=2026-01-29T09:00Z,1 cm,98%,0.0 mm,1005.8 hPa,,,4.1 °C 10:29 TU,-2.8 °C 3:52 TU,-1.4 °C
VX,Tagamanent - Pn del Montseny,TAGAMANENT___PN_DEL_MONTSENY_VX,2026-01-29,2026-01-29 12:00:41,https://www.meteo.cat/observacions/xema/dades?codi=VX&dia=2026-01-29T09:00Z,,82%,0.0 mm,,,,4.7 °C 10:28 TU,-0.4 °C 1:20 TU,0.9 °C
XE,Tarragona - Complex Educatiu,TARRAGONA___COMPLEX_EDUCATIU_XE,2026-01-29,2026-01-29 12:00:44,https://www.meteo.cat/observacions/xema/dades?codi=XE&dia=2026-01-29T09:00Z,,60%,0.0 mm,1002.3 hPa,1.4 MJ/m2,29.9 km/h - 277º 5:56 TU,12.5 °C 10:28 TU,9.1 °C 8:16 TU,10.6 °C
YK,Terrassa,TERRASSA_YK,2026-01-29,2026-01-29 12:00:46,https://www.meteo.cat/observacions/xema/dades?codi=YK&dia=2026-01-29T09:00Z,,90%,0.0 mm,,2.6 MJ/m2,31.7 km/h - 285º 9:42 TU,10.7 °C 10:21 TU,2.7 °C 3:30 TU,5.3 °C
Y6,Tivissa,TIVISSA_Y6,2026-01-29,2026-01-29 12:00:49,https://www.meteo.cat/observacions/xema/dades?codi=Y6&dia=2026-01-29T09:00Z,,83%,0.3 mm,,0.8 MJ/m2,18.0 km/h - 244º 0:10 TU,9.3 °C 10:18 TU,4.5 °C 4:50 TU,6.0 °C
DK,Torredembarra,TORREDEMBARRA_DK,2026-01-29,2026-01-29 12:00:51,https://www.meteo.cat/observacions/xema/dades?codi=DK&dia=2026-01-29T09:00Z,,70%,0.0 mm,1002.3 hPa,1.4 MJ/m2,38.9 km/h - 300º 0:06 TU,11.9 °C 10:29 TU,5.7 °C 3:37 TU,8.7 °C
X7,Torres de Segre,TORRES_DE_SEGRE_X7,2026-01-29,2026-01-29 12:00:54,https://www.meteo.cat/observacions/xema/dades?codi=X7&dia=2026-01-29T09:00Z,,85%,0.2 mm,,1.4 MJ/m2,14.0 km/h - 228º 2:20 TU,9.1 °C 10:29 TU,4.2 °C 5:55 TU,5.8 °C
XZ,Torroella de Fluvià,TORROELLA_DE_FLUVIA_XZ,2026-01-29,2026-01-29 12:00:56,https://www.meteo.cat/observacions/xema/dades?codi=XZ&dia=2026-01-29T09:00Z,,95%,0.5 mm,,,,8.9 °C 10:29 TU,-0.4 °C 4:25 TU,2.6 °C
UE,Torroella de Montgrí,TORROELLA_DE_MONTGRI_UE,2026-01-29,2026-01-29 12:00:59,https://www.meteo.cat/observacions/xema/dades?codi=UE&dia=2026-01-29T09:00Z,,90%,0.0 mm,,,,8.4 °C 10:29 TU,2.0 °C 4:17 TU,3.8 °C
WR,Torroja del Priorat,TORROJA_DEL_PRIORAT_WR,2026-01-29,2026-01-29 12:01:01,https://www.meteo.cat/observacions/xema/dades?codi=WR&dia=2026-01-29T09:00Z,,80%,0.0 mm,,1.1 MJ/m2,25.2 km/h - 265º 0:14 TU,9.7 °C 10:29 TU,5.5 °C 7:10 TU,7.3 °C
XQ,Tremp,TREMP_XQ,2026-01-29,2026-01-29 12:01:03,https://www.meteo.cat/observacions/xema/dades?codi=XQ&dia=2026-01-29T09:00Z,,96%,0.0 mm,,1.7 MJ/m2,8.6 km/h - 274º 3:32 TU,3.3 °C 10:29 TU,-1.3 °C 7:30 TU,0.2 °C
C7,Tàrrega,TARREGA_C7,2026-01-29,2026-01-29 12:01:06,https://www.meteo.cat/observacions/xema/dades?codi=C7&dia=2026-01-29T09:00Z,,95%,0.0 mm,1003.3 hPa,1.4 MJ/m2,18.0 km/h - 236º 9:49 TU,7.1 °C 10:25 TU,1.8 °C 2:34 TU,3.4 °C
YG,Tírvia,TIRVIA_YG,2026-01-29,2026-01-29 12:01:09,https://www.meteo.cat/observacions/xema/dades?codi=YG&dia=2026-01-29T09:00Z,,96%,0.0 mm,1005.7 hPa,3.1 MJ/m2,9.7 km/h - 7º 8:09 TU,1.3 °C 10:29 TU,-3.2 °C 4:15 TU,-2.2 °C
UX,Ulldecona - els Valentins,ULLDECONA___ELS_VALENTINS_UX,2026-01-29,2026-01-29 12:01:11,https://www.meteo.cat/observacions/xema/dades?codi=UX&dia=2026-01-29T09:00Z,,73%,0.0 mm,,1.5 MJ/m2,27.7 km/h - 300º 0:44 TU,13.5 °C 10:19 TU,5.5 °C 6:23 TU,9.2 °C
XD,Ulldemolins,ULLDEMOLINS_XD,2026-01-29,2026-01-29 12:01:14,https://www.meteo.cat/observacions/xema/dades?codi=XD&dia=2026-01-29T09:00Z,,81%,0.0 mm,1003.5 hPa,1.2 MJ/m2,52.9 km/h - 288º 1:08 TU,7.0 °C 10:28 TU,3.1 °C 7:19 TU,4.2 °C
D2,Vacarisses,VACARISSES_D2,2026-01-29,2026-01-29 12:01:16,https://www.meteo.cat/observacions/xema/dades?codi=D2&dia=2026-01-29T09:00Z,,94%,0.0 mm,1003.1 hPa,,,8.2 °C 10:29 TU,-0.1 °C 5:18 TU,2.6 °C
V1,Vallfogona de Balaguer,VALLFOGONA_DE_BALAGUER_V1,2026-01-29,2026-01-29 12:01:19,https://www.meteo.cat/observacions/xema/dades?codi=V1&dia=2026-01-29T09:00Z,,94%,0.0 mm,,1.1 MJ/m2,13.0 km/h - 159º 2:19 TU,5.9 °C 1:18 TU,0.6 °C 7:31 TU,2.7 °C
D3,Vallirana,VALLIRANA_D3,2026-01-29,2026-01-29 12:01:21,https://www.meteo.cat/observacions/xema/dades?codi=D3&dia=2026-01-29T09:00Z,,70%,0.0 mm,1001.9 hPa,2.3 MJ/m2,33.5 km/h - 309º 1:47 TU,11.3 °C 10:26 TU,6.3 °C 7:24 TU,7.4 °C
XO,Vic,VIC_XO,2026-01-29,2026-01-29 12:01:24,https://www.meteo.cat/observacions/xema/dades?codi=XO&dia=2026-01-29T09:00Z,,97%,0.0 mm,,2.5 MJ/m2,9.0 km/h - 230º 3:57 TU,4.3 °C 9:30 TU,-1.9 °C 4:51 TU,-0.4 °C
VS,Vielha e Mijaran - Lac Redon (2.247 m),VIELHA_E_MIJARAN___LAC_REDON_2247_M_VS,2026-01-29,2026-01-29 12:01:26,https://www.meteo.cat/observacions/xema/dades?codi=VS&dia=2026-01-29T09:00Z,185 cm,91%,0.0 mm,,1.4 MJ/m2,0.0 km/h - 0º 0:00 TU,-2.2 °C 10:11 TU,-9.0 °C 4:07 TU,-7.3 °C
YN,Vielha e Mijaran - Vielha - Elipòrt,VIELHA_E_MIJARAN___VIELHA___ELIPORT_YN,2026-01-29,2026-01-29 12:01:28,https://www.meteo.cat/observacions/xema/dades?codi=YN&dia=2026-01-29T09:00Z,6 cm,92%,0.0 mm,1003.4 hPa,1.7 MJ/m2,12.2 km/h - 93º 4:24 TU,2.8 °C 9:59 TU,-2.6 °C 2:37 TU,-0.7 °C
DQ,Vila-rodona,VILA_RODONA_DQ,2026-01-29,2026-01-29 12:01:31,https://www.meteo.cat/observacions/xema/dades?codi=DQ&dia=2026-01-29T09:00Z,,72%,0.0 mm,1002.9 hPa,1.9 MJ/m2,17.3 km/h - 306º 1:40 TU,10.2 °C 10:25 TU,5.9 °C 4:52 TU,7.1 °C
UG,Viladecans,VILADECANS_UG,2026-01-29,2026-01-29 12:01:34,https://www.meteo.cat/observacions/xema/dades?codi=UG&dia=2026-01-29T09:00Z,,75%,0.0 mm,,2.5 MJ/m2,14.8 km/h - 281º 8:55 TU,13.6 °C 10:29 TU,4.6 °C 5:26 TU,7.5 °C
WS,Viladrau,VILADRAU_WS,2026-01-29,2026-01-29 12:01:36,https://www.meteo.cat/observacions/xema/dades?codi=WS&dia=2026-01-29T09:00Z,,77%,0.0 mm,1002.2 hPa,1.9 MJ/m2,26.6 km/h - 235º 5:53 TU,5.6 °C 10:26 TU,-0.4 °C 1:08 TU,1.3 °C
W4,Vilafranca del Penedès - la Granada,VILAFRANCA_DEL_PENEDES___LA_GRANADA_W4,2026-01-29,2026-01-29 12:01:39,https://www.meteo.cat/observacions/xema/dades?codi=W4&dia=2026-01-29T09:00Z,,73%,0.0 mm,,1.6 MJ/m2,47.2 km/h - 298º 0:19 TU,10.1 °C 10:21 TU,2.4 °C 4:42 TU,7.1 °C
CQ,Vilanova de Meià,VILANOVA_DE_MEIA_CQ,2026-01-29,2026-01-29 12:01:41,https://www.meteo.cat/observacions/xema/dades?codi=CQ&dia=2026-01-29T09:00Z,,91%,0.0 mm,1003.6 hPa,,12.2 km/h - 190º 10:29 TU,6.7 °C 10:13 TU,-0.4 °C 4:11 TU,1.7 °C
KE,Vilanova de Sau - Pantà de Sau,VILANOVA_DE_SAU___PANTA_DE_SAU_KE,2026-01-29,2026-01-29 12:01:44,https://www.meteo.cat/observacions/xema/dades?codi=KE&dia=2026-01-29T09:00Z,,,,,,,,,
VM,Vilanova de Segrià,VILANOVA_DE_SEGRIA_VM,2026-01-29,2026-01-29 12:01:46,https://www.meteo.cat/observacions/xema/dades?codi=VM&dia=2026-01-29T09:00Z,,97%,0.0 mm,,0.9 MJ/m2,9.4 km/h - 232º 3:29 TU,6.6 °C 10:22 TU,1.8 °C 7:22 TU,3.5 °C
YR,Vilanova i la Geltrú,VILANOVA_I_LA_GELTRU_YR,2026-01-29,2026-01-29 12:01:49,https://www.meteo.cat/observacions/xema/dades?codi=YR&dia=2026-01-29T09:00Z,,69%,0.0 mm,1003.1 hPa,1.7 MJ/m2,26.3 km/h - 275º 3:50 TU,12.7 °C 9:29 TU,5.2 °C 1:39 TU,8.8 °C
D7,Vinebre,VINEBRE_D7,2026-01-29,2026-01-29 12:01:52,https://www.meteo.cat/observacions/xema/dades?codi=D7&dia=2026-01-29T09:00Z,,89%,0.0 mm,1003.6 hPa,1.1 MJ/m2,16.2 km/h - 64º 2:04 TU,9.8 °C 10:22 TU,4.1 °C 3:32 TU,5.9 °C
U6,Vinyols i els Arcs - Cambrils,VINYOLS_I_ELS_ARCS___CAMBRILS_U6,2026-01-29,2026-01-29 12:01:55,https://www.meteo.cat/observacions/xema/dades?codi=U6&dia=2026-01-29T09:00Z,,63%,0.0 mm,,1.4 MJ/m2,24.5 km/h - 316º 1:00 TU,12.1 °C 10:29 TU,8.2 °C 7:28 TU,10.3 °C
H1,Òdena,ODENA_H1,2026-01-29,2026-01-29 12:01:58,https://www.meteo.cat/observacions/xema/dades?codi=H1&dia=2026-01-29T09:00Z,,85%,0.0 mm,1003.0 hPa,2.1 MJ/m2,40.0 km/h - 290º 0:08 TU,10.0 °C 10:18 TU,0.7 °C 4:34 TU,4.2 °C
