ID_ESTAC,NOM_ESTACIO,NOM_ORIGINAL,DATA_UTC,PERIODE_UTC,ES_AHIR,ESTAT,DATA_EXTRACCIO,HORA_CONSULTA_UTC,URL_FONT,CAPÇALERES_TROBADES,CAPÇALERES_LLISTAT,VAR_DVM_10_m_graus,VAR_DVM_2_m_graus,VAR_DVM_6_m_graus,VAR_GN_cm,VAR_HRM_perc,VAR_PM_hPa,VAR_PPT_mm,VAR_Període_TU,VAR_RS_W_m_2,VAR_TM_grausC,VAR_TN_grausC,VAR_TX_grausC,VAR_VVM_10_m_km_h,VAR_VVM_2_m_km_h,VAR_VVM_6_m_km_h,VAR_VVX_10_m_km_h,VAR_VVX_2_m_km_h,VAR_VVX_6_m_km_h,PERIODE,TM,TX,TN,HR,PPT,VVM,DVM,Col_00,Col_01,Col_02,Col_03,Col_04,Col_05,Col_06,Col_07,VVX,PM,RS,Col_08,Col_09,Col_10,Col_11
YT,Alt Àneu - Bonabé (1.693 m),ALT_ANEU___BONABE_1693_M_YT,2026-02-07,08:00 - 08:30,NO,OK,2026-02-07 08:45:25,08:00,https://www.meteo.cat/observacions/xema/dades?codi=YT&dia=2026-02-07T08:00Z,8,"Període TU, TM °C, TX °C, TN °C, HRM %, PPT mm, GN cm, RS W/m 2",,,,104,87,,0.0,08:00 - 08:30,58,-2.0,-2.3,-1.7,,,,,,,08:00 - 08:30,-2.0,-1.7,-2.3,87,0.0,104,58,08:00 - 08:30,-2.0,-1.7,-2.3,87,0.0,104,58,,,,,,,
YT,Alt Àneu - Bonabé (1.693 m),ALT_ANEU___BONABE_1693_M_YT,2026-02-06,23:30 - 00:00,SÍ,OK,2026-02-07 08:45:27,00:00,https://www.meteo.cat/observacions/xema/dades?codi=YT&dia=2026-02-06T00:00Z,8,"Període TU, TM °C, TX °C, TN °C, HRM %, PPT mm, GN cm, RS W/m 2",,,,105,97,,0.0,23:30 - 00:00,0,-0.8,-0.8,-0.7,,,,,,,23:30 - 00:00,-0.8,-0.7,-0.8,97,0.0,105,0,23:30 - 00:00,-0.8,-0.7,-0.8,97,0.0,105,0,,,,,,,
YT,Alt Àneu - Bonabé (1.693 m),ALT_ANEU___BONABE_1693_M_YT,2026-02-06,23:00 - 23:30,SÍ,OK,2026-02-07 08:45:27,00:00,https://www.meteo.cat/observacions/xema/dades?codi=YT&dia=2026-02-06T00:00Z,8,"Període TU, TM °C, TX °C, TN °C, HRM %, PPT mm, GN cm, RS W/m 2",,,,105,97,,0.0,23:00 - 23:30,0,-0.8,-0.9,-0.7,,,,,,,23:00 - 23:30,-0.8,-0.7,-0.9,97,0.0,105,0,23:00 - 23:30,-0.8,-0.7,-0.9,97,0.0,105,0,,,,,,,
YT,Alt Àneu - Bonabé (1.693 m),ALT_ANEU___BONABE_1693_M_YT,2026-02-06,22:30 - 23:00,SÍ,OK,2026-02-07 08:45:27,00:00,https://www.meteo.cat/observacions/xema/dades?codi=YT&dia=2026-02-06T00:00Z,8,"Període TU, TM °C, TX °C, TN °C, HRM %, PPT mm, GN cm, RS W/m 2",,,,105,95,,0.0,22:30 - 23:00,0,-0.8,-0.9,-0.7,,,,,,,22:30 - 23:00,-0.8,-0.7,-0.9,95,0.0,105,0,22:30 - 23:00,-0.8,-0.7,-0.9,95,0.0,105,0,,,,,,,
YT,Alt Àneu - Bonabé (1.693 m),ALT_ANEU___BONABE_1693_M_YT,2026-02-06,22:00 - 22:30,SÍ,OK,2026-02-07 08:45:27,00:00,https://www.meteo.cat/observacions/xema/dades?codi=YT&dia=2026-02-06T00:00Z,8,"Període TU, TM °C, TX °C, TN °C, HRM %, PPT mm, GN cm, RS W/m 2",,,,106,95,,0.0,22:00 - 22:30,0,-0.8,-0.9,-0.7,,,,,,,22:00 - 22:30,-0.8,-0.7,-0.9,95,0.0,106,0,22:00 - 22:30,-0.8,-0.7,-0.9,95,0.0,106,0,,,,,,,
Z1,Alt Àneu - Bonaigua (2.266 m),ALT_ANEU___BONAIGUA_2266_M_Z1,2026-02-07,08:00 - 08:30,NO,OK,2026-02-07 08:45:29,08:00,https://www.meteo.cat/observacions/xema/dades?codi=Z1&dia=2026-02-07T08:00Z,11,"Període TU, TM °C, TX °C, TN °C, HRM %, PPT mm, GN cm, VVM (6 m) km/h, DVM (6 m) graus, VVX (6 m) km/h, RS W/m 2",,,95,170,90,,0.0,08:00 - 08:30,38,-7.2,-7.9,-6.4,,,4.7,,,7.6,08:00 - 08:30,-7.2,-6.4,-7.9,90,0.0,170,4.7,08:00 - 08:30,-7.2,-6.4,-7.9,90,0.0,170,4.7,95,7.6,38,95,7.6,38,
Z1,Alt Àneu - Bonaigua (2.266 m),ALT_ANEU___BONAIGUA_2266_M_Z1,2026-02-06,23:30 - 00:00,SÍ,OK,2026-02-07 08:45:31,00:00,https://www.meteo.cat/observacions/xema/dades?codi=Z1&dia=2026-02-06T00:00Z,11,"Període TU, TM °C, TX °C, TN °C, HRM %, PPT mm, GN cm, VVM (6 m) km/h, DVM (6 m) graus, VVX (6 m) km/h, RS W/m 2",,,100,172,97,,0.0,23:30 - 00:00,0,-4.1,-4.1,-4.1,,,11.5,,,19.8,23:30 - 00:00,-4.1,-4.1,-4.1,97,0.0,172,11.5,23:30 - 00:00,-4.1,-4.1,-4.1,97,0.0,172,11.5,100,19.8,0,100,19.8,0,
Z1,Alt Àneu - Bonaigua (2.266 m),ALT_ANEU___BONAIGUA_2266_M_Z1,2026-02-06,23:00 - 23:30,SÍ,OK,2026-02-07 08:45:31,00:00,https://www.meteo.cat/observacions/xema/dades?codi=Z1&dia=2026-02-06T00:00Z,11,"Període TU, TM °C, TX °C, TN °C, HRM %, PPT mm, GN cm, VVM (6 m) km/h, DVM (6 m) graus, VVX (6 m) km/h, RS W/m 2",,,108,172,97,,0.0,23:00 - 23:30,0,-4.1,-4.1,-4.0,,,14.8,,,24.1,23:00 - 23:30,-4.1,-4.0,-4.1,97,0.0,172,14.8,23:00 - 23:30,-4.1,-4.0,-4.1,97,0.0,172,14.8,108,24.1,0,108,24.1,0,
Z1,Alt Àneu - Bonaigua (2.266 m),ALT_ANEU___BONAIGUA_2266_M_Z1,2026-02-06,22:30 - 23:00,SÍ,OK,2026-02-07 08:45:31,00:00,https://www.meteo.cat/observacions/xema/dades?codi=Z1&dia=2026-02-06T00:00Z,11,"Període TU, TM °C, TX °C, TN °C, HRM %, PPT mm, GN cm, VVM (6 m) km/h, DVM (6 m) graus, VVX (6 m) km/h, RS W/m 2",,,104,172,98,,0.0,22:30 - 23:00,0,-4.1,-4.1,-4.0,,,14.4,,,24.5,22:30 - 23:00,-4.1,-4.0,-4.1,98,0.0,172,14.4,22:30 - 23:00,-4.1,-4.0,-4.1,98,0.0,172,14.4,104,24.5,0,104,24.5,0,
Z1,Alt Àneu - Bonaigua (2.266 m),ALT_ANEU___BONAIGUA_2266_M_Z1,2026-02-06,22:00 - 22:30,SÍ,OK,2026-02-07 08:45:31,00:00,https://www.meteo.cat/observacions/xema/dades?codi=Z1&dia=2026-02-06T00:00Z,11,"Període TU, TM °C, TX °C, TN °C, HRM %, PPT mm, GN cm, VVM (6 m) km/h, DVM (6 m) graus, VVX (6 m) km/h, RS W/m 2",,,103,172,98,,0.0,22:00 - 22:30,0,-4.0,-4.1,-4.0,,,14.4,,,23.0,22:00 - 22:30,-4.0,-4.0,-4.1,98,0.0,172,14.4,22:00 - 22:30,-4.0,-4.0,-4.1,98,0.0,172,14.4,103,23.0,0,103,23.0,0,
DN,Anglès,ANGLES_DN,2026-02-07,08:00 - 08:30,NO,OK,2026-02-07 08:45:33,08:00,https://www.meteo.cat/observacions/xema/dades?codi=DN&dia=2026-02-07T08:00Z,11,"Període TU, TM °C, TX °C, TN °C, HRM %, PPT mm, VVM (10 m) km/h, DVM (10 m) graus, VVX (10 m) km/h, PM hPa, RS W/m 2",306,,,,63,1003.8,0.0,08:00 - 08:30,92,9.8,9.6,10.1,10.4,,,20.5,,,08:00 - 08:30,9.8,10.1,9.6,63,0.0,10.4,306,08:00 - 08:30,9.8,10.1,9.6,63,0.0,10.4,306,20.5,1003.8,92,20.5,1003.8,92,
DN,Anglès,ANGLES_DN,2026-02-06,23:30 - 00:00,SÍ,OK,2026-02-07 08:45:35,00:00,https://www.meteo.cat/observacions/xema/dades?codi=DN&dia=2026-02-06T00:00Z,11,"Període TU, TM °C, TX °C, TN °C, HRM %, PPT mm, VVM (10 m) km/h, DVM (10 m) graus, VVX (10 m) km/h, PM hPa, RS W/m 2",281,,,,48,1000.8,0.0,23:30 - 00:00,0,13.3,13.0,13.6,11.2,,,27.7,,,23:30 - 00:00,13.3,13.6,13.0,48,0.0,11.2,281,23:30 - 00:00,13.3,13.6,13.0,48,0.0,11.2,281,27.7,1000.8,0,27.7,1000.8,0,
DN,Anglès,ANGLES_DN,2026-02-06,23:00 - 23:30,SÍ,OK,2026-02-07 08:45:35,00:00,https://www.meteo.cat/observacions/xema/dades?codi=DN&dia=2026-02-06T00:00Z,11,"Període TU, TM °C, TX °C, TN °C, HRM %, PPT mm, VVM (10 m) km/h, DVM (10 m) graus, VVX (10 m) km/h, PM hPa, RS W/m 2",271,,,,47,1000.9,0.0,23:00 - 23:30,0,13.3,13.0,13.5,13.0,,,32.0,,,23:00 - 23:30,13.3,13.5,13.0,47,0.0,13.0,271,23:00 - 23:30,13.3,13.5,13.0,47,0.0,13.0,271,32.0,1000.9,0,32.0,1000.9,0,
DN,Anglès,ANGLES_DN,2026-02-06,22:30 - 23:00,SÍ,OK,2026-02-07 08:45:35,00:00,https://www.meteo.cat/observacions/xema/dades?codi=DN&dia=2026-02-06T00:00Z,11,"Període TU, TM °C, TX °C, TN °C, HRM %, PPT mm, VVM (10 m) km/h, DVM (10 m) graus, VVX (10 m) km/h, PM hPa, RS W/m 2",238,,,,47,1000.9,0.0,22:30 - 23:00,0,13.3,13.0,13.6,11.5,,,26.3,,,22:30 - 23:00,13.3,13.6,13.0,47,0.0,11.5,238,22:30 - 23:00,13.3,13.6,13.0,47,0.0,11.5,238,26.3,1000.9,0,26.3,1000.9,0,
DN,Anglès,ANGLES_DN,2026-02-06,22:00 - 22:30,SÍ,OK,2026-02-07 08:45:35,00:00,https://www.meteo.cat/observacions/xema/dades?codi=DN&dia=2026-02-06T00:00Z,11,"Període TU, TM °C, TX °C, TN °C, HRM %, PPT mm, VVM (10 m) km/h, DVM (10 m) graus, VVX (10 m) km/h, PM hPa, RS W/m 2",250,,,,57,1000.9,0.0,22:00 - 22:30,0,11.7,9.6,13.2,5.8,,,15.5,,,22:00 - 22:30,11.7,13.2,9.6,57,0.0,5.8,250,22:00 - 22:30,11.7,13.2,9.6,57,0.0,5.8,250,15.5,1000.9,0,15.5,1000.9,0,
DJ,Banyoles,BANYOLES_DJ,2026-02-07,08:00 - 08:30,NO,OK,2026-02-07 08:45:37,08:00,https://www.meteo.cat/observacions/xema/dades?codi=DJ&dia=2026-02-07T08:00Z,11,"Període TU, TM °C, TX °C, TN °C, HRM %, PPT mm, VVM (10 m) km/h, DVM (10 m) graus, VVX (10 m) km/h, PM hPa, RS W/m 2",263,,,,80,1004.0,0.0,08:00 - 08:30,67,6.7,6.4,7.2,6.5,,,10.8,,,08:00 - 08:30,6.7,7.2,6.4,80,0.0,6.5,263,08:00 - 08:30,6.7,7.2,6.4,80,0.0,6.5,263,10.8,1004.0,67,10.8,1004.0,67,
DJ,Banyoles,BANYOLES_DJ,2026-02-06,23:30 - 00:00,SÍ,OK,2026-02-07 08:45:39,00:00,https://www.meteo.cat/observacions/xema/dades?codi=DJ&dia=2026-02-06T00:00Z,11,"Període TU, TM °C, TX °C, TN °C, HRM %, PPT mm, VVM (10 m) km/h, DVM (10 m) graus, VVX (10 m) km/h, PM hPa, RS W/m 2",353,,,,70,1000.9,0.0,23:30 - 00:00,0,9.3,8.8,9.7,3.6,,,8.3,,,23:30 - 00:00,9.3,9.7,8.8,70,0.0,3.6,353,23:30 - 00:00,9.3,9.7,8.8,70,0.0,3.6,353,8.3,1000.9,0,8.3,1000.9,0,
DJ,Banyoles,BANYOLES_DJ,2026-02-06,23:00 - 23:30,SÍ,OK,2026-02-07 08:45:39,00:00,https://www.meteo.cat/observacions/xema/dades?codi=DJ&dia=2026-02-06T00:00Z,11,"Període TU, TM °C, TX °C, TN °C, HRM %, PPT mm, VVM (10 m) km/h, DVM (10 m) graus, VVX (10 m) km/h, PM hPa, RS W/m 2",49,,,,69,1001.0,0.0,23:00 - 23:30,0,9.5,8.9,10.0,2.9,,,7.9,,,23:00 - 23:30,9.5,10.0,8.9,69,0.0,2.9,49,23:00 - 23:30,9.5,10.0,8.9,69,0.0,2.9,49,7.9,1001.0,0,7.9,1001.0,0,
DJ,Banyoles,BANYOLES_DJ,2026-02-06,22:30 - 23:00,SÍ,OK,2026-02-07 08:45:39,00:00,https://www.meteo.cat/observacions/xema/dades?codi=DJ&dia=2026-02-06T00:00Z,11,"Període TU, TM °C, TX °C, TN °C, HRM %, PPT mm, VVM (10 m) km/h, DVM (10 m) graus, VVX (10 m) km/h, PM hPa, RS W/m 2",52,,,,70,1000.9,0.0,22:30 - 23:00,0,9.5,8.8,10.1,4.3,,,7.9,,,22:30 - 23:00,9.5,10.1,8.8,70,0.0,4.3,52,22:30 - 23:00,9.5,10.1,8.8,70,0.0,4.3,52,7.9,1000.9,0,7.9,1000.9,0,
DJ,Banyoles,BANYOLES_DJ,2026-02-06,22:00 - 22:30,SÍ,OK,2026-02-07 08:45:39,00:00,https://www.meteo.cat/observacions/xema/dades?codi=DJ&dia=2026-02-06T00:00Z,11,"Període TU, TM °C, TX °C, TN °C, HRM %, PPT mm, VVM (10 m) km/h, DVM (10 m) graus, VVX (10 m) km/h, PM hPa, RS W/m 2",55,,,,67,1000.7,0.0,22:00 - 22:30,0,10.0,8.8,12.1,4.0,,,8.3,,,22:00 - 22:30,10.0,12.1,8.8,67,0.0,4.0,55,22:00 - 22:30,10.0,12.1,8.8,67,0.0,4.0,55,8.3,1000.7,0,8.3,1000.7,0,
X4,Barcelona - el Raval,BARCELONA___EL_RAVAL_X4,2026-02-07,08:00 - 08:30,NO,OK,2026-02-07 08:45:41,08:00,https://www.meteo.cat/observacions/xema/dades?codi=X4&dia=2026-02-07T08:00Z,11,"Període TU, TM °C, TX °C, TN °C, HRM %, PPT mm, VVM (10 m) km/h, DVM (10 m) graus, VVX (10 m) km/h, PM hPa, RS W/m 2",294,,,,50,1005.2,0.0,08:00 - 08:30,200,11.6,11.4,12.1,15.1,,,38.9,,,08:00 - 08:30,11.6,12.1,11.4,50,0.0,15.1,294,08:00 - 08:30,11.6,12.1,11.4,50,0.0,15.1,294,38.9,1005.2,200,38.9,1005.2,200,
X4,Barcelona - el Raval,BARCELONA___EL_RAVAL_X4,2026-02-06,23:30 - 00:00,SÍ,OK,2026-02-07 08:45:42,00:00,https://www.meteo.cat/observacions/xema/dades?codi=X4&dia=2026-02-06T00:00Z,11,"Període TU, TM °C, TX °C, TN °C, HRM %, PPT mm, VVM (10 m) km/h, DVM (10 m) graus, VVX (10 m) km/h, PM hPa, RS W/m 2",293,,,,51,1001.7,0.0,23:30 - 00:00,0,13.4,13.3,13.6,7.9,,,22.0,,,23:30 - 00:00,13.4,13.6,13.3,51,0.0,7.9,293,23:30 - 00:00,13.4,13.6,13.3,51,0.0,7.9,293,22.0,1001.7,0,22.0,1001.7,0,
X4,Barcelona - el Raval,BARCELONA___EL_RAVAL_X4,2026-02-06,23:00 - 23:30,SÍ,OK,2026-02-07 08:45:42,00:00,https://www.meteo.cat/observacions/xema/dades?codi=X4&dia=2026-02-06T00:00Z,11,"Període TU, TM °C, TX °C, TN °C, HRM %, PPT mm, VVM (10 m) km/h, DVM (10 m) graus, VVX (10 m) km/h, PM hPa, RS W/m 2",266,,,,50,1001.6,0.0,23:00 - 23:30,0,13.7,13.6,13.7,6.8,,,19.8,,,23:00 - 23:30,13.7,13.7,13.6,50,0.0,6.8,266,23:00 - 23:30,13.7,13.7,13.6,50,0.0,6.8,266,19.8,1001.6,0,19.8,1001.6,0,
X4,Barcelona - el Raval,BARCELONA___EL_RAVAL_X4,2026-02-06,22:30 - 23:00,SÍ,OK,2026-02-07 08:45:42,00:00,https://www.meteo.cat/observacions/xema/dades?codi=X4&dia=2026-02-06T00:00Z,11,"Període TU, TM °C, TX °C, TN °C, HRM %, PPT mm, VVM (10 m) km/h, DVM (10 m) graus, VVX (10 m) km/h, PM hPa, RS W/m 2",204,,,,51,1001.5,0.0,22:30 - 23:00,0,13.8,13.6,14.0,4.7,,,9.0,,,22:30 - 23:00,13.8,14.0,13.6,51,0.0,4.7,204,22:30 - 23:00,13.8,14.0,13.6,51,0.0,4.7,204,9.0,1001.5,0,9.0,1001.5,0,
X4,Barcelona - el Raval,BARCELONA___EL_RAVAL_X4,2026-02-06,22:00 - 22:30,SÍ,OK,2026-02-07 08:45:42,00:00,https://www.meteo.cat/observacions/xema/dades?codi=X4&dia=2026-02-06T00:00Z,11,"Període TU, TM °C, TX °C, TN °C, HRM %, PPT mm, VVM (10 m) km/h, DVM (10 m) graus, VVX (10 m) km/h, PM hPa, RS W/m 2",352,,,,50,1001.3,0.0,22:00 - 22:30,0,13.9,13.7,14.1,3.2,,,13.7,,,22:00 - 22:30,13.9,14.1,13.7,50,0.0,3.2,352,22:00 - 22:30,13.9,14.1,13.7,50,0.0,3.2,352,13.7,1001.3,0,13.7,1001.3,0,
D5,Barcelona - Observatori Fabra,BARCELONA___OBSERVATORI_FABRA_D5,2026-02-07,08:00 - 08:30,NO,OK,2026-02-07 08:45:45,08:00,https://www.meteo.cat/observacions/xema/dades?codi=D5&dia=2026-02-07T08:00Z,11,"Període TU, TM °C, TX °C, TN °C, HRM %, PPT mm, VVM (10 m) km/h, DVM (10 m) graus, VVX (10 m) km/h, PM hPa, RS W/m 2",314,,,,67,1004.8,0.0,08:00 - 08:30,200,7.3,7.2,7.6,5.0,,,47.2,,,08:00 - 08:30,7.3,7.6,7.2,67,0.0,5.0,314,08:00 - 08:30,7.3,7.6,7.2,67,0.0,5.0,314,47.2,1004.8,200,47.2,1004.8,200,
D5,Barcelona - Observatori Fabra,BARCELONA___OBSERVATORI_FABRA_D5,2026-02-06,23:30 - 00:00,SÍ,OK,2026-02-07 08:45:46,00:00,https://www.meteo.cat/observacions/xema/dades?codi=D5&dia=2026-02-06T00:00Z,11,"Període TU, TM °C, TX °C, TN °C, HRM %, PPT mm, VVM (10 m) km/h, DVM (10 m) graus, VVX (10 m) km/h, PM hPa, RS W/m 2",336,,,,64,1001.9,0.0,23:30 - 00:00,0,9.6,9.2,9.8,20.5,,,38.2,,,23:30 - 00:00,9.6,9.8,9.2,64,0.0,20.5,336,23:30 - 00:00,9.6,9.8,9.2,64,0.0,20.5,336,38.2,1001.9,0,38.2,1001.9,0,
D5,Barcelona - Observatori Fabra,BARCELONA___OBSERVATORI_FABRA_D5,2026-02-06,23:00 - 23:30,SÍ,OK,2026-02-07 08:45:46,00:00,https://www.meteo.cat/observacions/xema/dades?codi=D5&dia=2026-02-06T00:00Z,11,"Període TU, TM °C, TX °C, TN °C, HRM %, PPT mm, VVM (10 m) km/h, DVM (10 m) graus, VVX (10 m) km/h, PM hPa, RS W/m 2",332,,,,60,1001.9,0.0,23:00 - 23:30,0,10.2,9.9,10.5,25.2,,,40.7,,,23:00 - 23:30,10.2,10.5,9.9,60,0.0,25.2,332,23:00 - 23:30,10.2,10.5,9.9,60,0.0,25.2,332,40.7,1001.9,0,40.7,1001.9,0,
D5,Barcelona - Observatori Fabra,BARCELONA___OBSERVATORI_FABRA_D5,2026-02-06,22:30 - 23:00,SÍ,OK,2026-02-07 08:45:46,00:00,https://www.meteo.cat/observacions/xema/dades?codi=D5&dia=2026-02-06T00:00Z,11,"Període TU, TM °C, TX °C, TN °C, HRM %, PPT mm, VVM (10 m) km/h, DVM (10 m) graus, VVX (10 m) km/h, PM hPa, RS W/m 2",335,,,,56,1001.9,0.0,22:30 - 23:00,0,10.8,10.6,10.8,31.7,,,38.9,,,22:30 - 23:00,10.8,10.8,10.6,56,0.0,31.7,335,22:30 - 23:00,10.8,10.8,10.6,56,0.0,31.7,335,38.9,1001.9,0,38.9,1001.9,0,
D5,Barcelona - Observatori Fabra,BARCELONA___OBSERVATORI_FABRA_D5,2026-02-06,22:00 - 22:30,SÍ,OK,2026-02-07 08:45:46,00:00,https://www.meteo.cat/observacions/xema/dades?codi=D5&dia=2026-02-06T00:00Z,11,"Període TU, TM °C, TX °C, TN °C, HRM %, PPT mm, VVM (10 m) km/h, DVM (10 m) graus, VVX (10 m) km/h, PM hPa, RS W/m 2",334,,,,55,1001.6,0.0,22:00 - 22:30,0,11.0,10.8,11.2,29.5,,,37.1,,,22:00 - 22:30,11.0,11.2,10.8,55,0.0,29.5,334,22:00 - 22:30,11.0,11.2,10.8,55,0.0,29.5,334,37.1,1001.6,0,37.1,1001.6,0,
UN,Cassà de la Selva,CASSA_DE_LA_SELVA_UN,2026-02-07,08:00 - 08:30,NO,OK,2026-02-07 08:45:49,08:00,https://www.meteo.cat/observacions/xema/dades?codi=UN&dia=2026-02-07T08:00Z,10,"Període TU, TM °C, TX °C, TN °C, HRM %, PPT mm, VVM (2 m) km/h, DVM (2 m) graus, VVX (2 m) km/h, RS W/m 2",,150,,,79,,0.0,08:00 - 08:30,186,9.0,7.2,10.2,,1.1,,,4.3,,08:00 - 08:30,9.0,10.2,7.2,79,0.0,1.1,150,08:00 - 08:30,9.0,10.2,7.2,79,0.0,1.1,150,4.3,186,,4.3,186,,
UN,Cassà de la Selva,CASSA_DE_LA_SELVA_UN,2026-02-06,23:30 - 00:00,SÍ,OK,2026-02-07 08:45:50,00:00,https://www.meteo.cat/observacions/xema/dades?codi=UN&dia=2026-02-06T00:00Z,10,"Període TU, TM °C, TX °C, TN °C, HRM %, PPT mm, VVM (2 m) km/h, DVM (2 m) graus, VVX (2 m) km/h, RS W/m 2",,74,,,92,,0.0,23:30 - 00:00,0,5.0,4.9,5.1,,2.5,,,5.4,,23:30 - 00:00,5.0,5.1,4.9,92,0.0,2.5,74,23:30 - 00:00,5.0,5.1,4.9,92,0.0,2.5,74,5.4,0,,5.4,0,,
UN,Cassà de la Selva,CASSA_DE_LA_SELVA_UN,2026-02-06,23:00 - 23:30,SÍ,OK,2026-02-07 08:45:50,00:00,https://www.meteo.cat/observacions/xema/dades?codi=UN&dia=2026-02-06T00:00Z,10,"Període TU, TM °C, TX °C, TN °C, HRM %, PPT mm, VVM (2 m) km/h, DVM (2 m) graus, VVX (2 m) km/h, RS W/m 2",,71,,,92,,0.0,23:00 - 23:30,0,4.9,4.7,5.3,,2.5,,,5.0,,23:00 - 23:30,4.9,5.3,4.7,92,0.0,2.5,71,23:00 - 23:30,4.9,5.3,4.7,92,0.0,2.5,71,5.0,0,,5.0,0,,
UN,Cassà de la Selva,CASSA_DE_LA_SELVA_UN,2026-02-06,22:30 - 23:00,SÍ,OK,2026-02-07 08:45:50,00:00,https://www.meteo.cat/observacions/xema/dades?codi=UN&dia=2026-02-06T00:00Z,10,"Període TU, TM °C, TX °C, TN °C, HRM %, PPT mm, VVM (2 m) km/h, DVM (2 m) graus, VVX (2 m) km/h, RS W/m 2",,74,,,90,,0.0,22:30 - 23:00,0,5.5,5.2,5.6,,3.6,,,6.5,,22:30 - 23:00,5.5,5.6,5.2,90,0.0,3.6,74,22:30 - 23:00,5.5,5.6,5.2,90,0.0,3.6,74,6.5,0,,6.5,0,,
UN,Cassà de la Selva,CASSA_DE_LA_SELVA_UN,2026-02-06,22:00 - 22:30,SÍ,OK,2026-02-07 08:45:50,00:00,https://www.meteo.cat/observacions/xema/dades?codi=UN&dia=2026-02-06T00:00Z,10,"Període TU, TM °C, TX °C, TN °C, HRM %, PPT mm, VVM (2 m) km/h, DVM (2 m) graus, VVX (2 m) km/h, RS W/m 2",,73,,,91,,0.0,22:00 - 22:30,0,5.0,4.7,5.4,,2.9,,,6.1,,22:00 - 22:30,5.0,5.4,4.7,91,0.0,2.9,73,22:00 - 22:30,5.0,5.4,4.7,91,0.0,2.9,73,6.1,0,,6.1,0,,
MS,Castellar de N'hug - el Clot del Moro,CASTELLAR_DE_NHUG___EL_CLOT_DEL_MORO_MS,2026-02-07,08:00 - 08:30,NO,OK,2026-02-07 08:45:53,08:00,https://www.meteo.cat/observacions/xema/dades?codi=MS&dia=2026-02-07T08:00Z,6,"Període TU, TM °C, TX °C, TN °C, HRM %, PPT mm",,,,,100,,0.0,08:00 - 08:30,,0.0,-0.2,0.1,,,,,,,08:00 - 08:30,0.0,0.1,-0.2,100,0.0,,,08:00 - 08:30,0.0,0.1,-0.2,100,0.0,,,,,,,,,
MS,Castellar de N'hug - el Clot del Moro,CASTELLAR_DE_NHUG___EL_CLOT_DEL_MORO_MS,2026-02-06,23:30 - 00:00,SÍ,OK,2026-02-07 08:45:54,00:00,https://www.meteo.cat/observacions/xema/dades?codi=MS&dia=2026-02-06T00:00Z,6,"Període TU, TM °C, TX °C, TN °C, HRM %, PPT mm",,,,,100,,0.7,23:30 - 00:00,,2.8,2.8,3.0,,,,,,,23:30 - 00:00,2.8,3.0,2.8,100,0.7,,,23:30 - 00:00,2.8,3.0,2.8,100,0.7,,,,,,,,,
MS,Castellar de N'hug - el Clot del Moro,CASTELLAR_DE_NHUG___EL_CLOT_DEL_MORO_MS,2026-02-06,23:00 - 23:30,SÍ,OK,2026-02-07 08:45:54,00:00,https://www.meteo.cat/observacions/xema/dades?codi=MS&dia=2026-02-06T00:00Z,6,"Període TU, TM °C, TX °C, TN °C, HRM %, PPT mm",,,,,100,,0.3,23:00 - 23:30,,2.7,2.4,2.8,,,,,,,23:00 - 23:30,2.7,2.8,2.4,100,0.3,,,23:00 - 23:30,2.7,2.8,2.4,100,0.3,,,,,,,,,
MS,Castellar de N'hug - el Clot del Moro,CASTELLAR_DE_NHUG___EL_CLOT_DEL_MORO_MS,2026-02-06,22:30 - 23:00,SÍ,OK,2026-02-07 08:45:54,00:00,https://www.meteo.cat/observacions/xema/dades?codi=MS&dia=2026-02-06T00:00Z,6,"Període TU, TM °C, TX °C, TN °C, HRM %, PPT mm",,,,,100,,0.0,22:30 - 23:00,,2.3,2.2,2.5,,,,,,,22:30 - 23:00,2.3,2.5,2.2,100,0.0,,,22:30 - 23:00,2.3,2.5,2.2,100,0.0,,,,,,,,,
MS,Castellar de N'hug - el Clot del Moro,CASTELLAR_DE_NHUG___EL_CLOT_DEL_MORO_MS,2026-02-06,22:00 - 22:30,SÍ,OK,2026-02-07 08:45:54,00:00,https://www.meteo.cat/observacions/xema/dades?codi=MS&dia=2026-02-06T00:00Z,6,"Període TU, TM °C, TX °C, TN °C, HRM %, PPT mm",,,,,100,,0.0,22:00 - 22:30,,2.2,2.1,2.3,,,,,,,22:00 - 22:30,2.2,2.3,2.1,100,0.0,,,22:00 - 22:30,2.2,2.3,2.1,100,0.0,,,,,,,,,
W1,Castelló D'empúries,CASTELLO_DEMPURIES_W1,2026-02-07,08:00 - 08:30,NO,OK,2026-02-07 08:45:56,08:00,https://www.meteo.cat/observacions/xema/dades?codi=W1&dia=2026-02-07T08:00Z,6,"Període TU, TM °C, TX °C, TN °C, HRM %, PPT mm",,,,,74,,0.0,08:00 - 08:30,,10.8,9.2,11.9,,,,,,,08:00 - 08:30,10.8,11.9,9.2,74,0.0,,,08:00 - 08:30,10.8,11.9,9.2,74,0.0,,,,,,,,,
W1,Castelló D'empúries,CASTELLO_DEMPURIES_W1,2026-02-06,23:30 - 00:00,SÍ,OK,2026-02-07 08:45:58,00:00,https://www.meteo.cat/observacions/xema/dades?codi=W1&dia=2026-02-06T00:00Z,6,"Període TU, TM °C, TX °C, TN °C, HRM %, PPT mm",,,,,100,,0.0,23:30 - 00:00,,7.4,7.1,7.6,,,,,,,23:30 - 00:00,7.4,7.6,7.1,100,0.0,,,23:30 - 00:00,7.4,7.6,7.1,100,0.0,,,,,,,,,
W1,Castelló D'empúries,CASTELLO_DEMPURIES_W1,2026-02-06,23:00 - 23:30,SÍ,OK,2026-02-07 08:45:58,00:00,https://www.meteo.cat/observacions/xema/dades?codi=W1&dia=2026-02-06T00:00Z,6,"Període TU, TM °C, TX °C, TN °C, HRM %, PPT mm",,,,,100,,0.0,23:00 - 23:30,,7.6,7.4,7.8,,,,,,,23:00 - 23:30,7.6,7.8,7.4,100,0.0,,,23:00 - 23:30,7.6,7.8,7.4,100,0.0,,,,,,,,,
W1,Castelló D'empúries,CASTELLO_DEMPURIES_W1,2026-02-06,22:30 - 23:00,SÍ,OK,2026-02-07 08:45:58,00:00,https://www.meteo.cat/observacions/xema/dades?codi=W1&dia=2026-02-06T00:00Z,6,"Període TU, TM °C, TX °C, TN °C, HRM %, PPT mm",,,,,100,,0.0,22:30 - 23:00,,8.1,7.8,8.3,,,,,,,22:30 - 23:00,8.1,8.3,7.8,100,0.0,,,22:30 - 23:00,8.1,8.3,7.8,100,0.0,,,,,,,,,
W1,Castelló D'empúries,CASTELLO_DEMPURIES_W1,2026-02-06,22:00 - 22:30,SÍ,OK,2026-02-07 08:45:58,00:00,https://www.meteo.cat/observacions/xema/dades?codi=W1&dia=2026-02-06T00:00Z,6,"Període TU, TM °C, TX °C, TN °C, HRM %, PPT mm",,,,,100,,0.0,22:00 - 22:30,,7.8,7.5,8.3,,,,,,,22:00 - 22:30,7.8,8.3,7.5,100,0.0,,,22:00 - 22:30,7.8,8.3,7.5,100,0.0,,,,,,,,,
DP,Das - Aeròdrom,DAS___AERODROM_DP,2026-02-07,08:00 - 08:30,NO,OK,2026-02-07 08:46:00,08:00,https://www.meteo.cat/observacions/xema/dades?codi=DP&dia=2026-02-07T08:00Z,12,"Període TU, TM °C, TX °C, TN °C, HRM %, PPT mm, GN cm, VVM (10 m) km/h, DVM (10 m) graus, VVX (10 m) km/h, PM hPa, RS W/m 2",291,,,1,94,1007.1,0.0,08:00 - 08:30,39,1.6,1.5,1.7,2.5,,,5.8,,,08:00 - 08:30,1.6,1.7,1.5,94,0.0,1,2.5,08:00 - 08:30,1.6,1.7,1.5,94,0.0,1,2.5,291,5.8,1007.1,291,5.8,1007.1,39
DP,Das - Aeròdrom,DAS___AERODROM_DP,2026-02-06,23:30 - 00:00,SÍ,OK,2026-02-07 08:46:02,00:00,https://www.meteo.cat/observacions/xema/dades?codi=DP&dia=2026-02-06T00:00Z,12,"Període TU, TM °C, TX °C, TN °C, HRM %, PPT mm, GN cm, VVM (10 m) km/h, DVM (10 m) graus, VVX (10 m) km/h, PM hPa, RS W/m 2",186,,,1,89,1004.7,0.6,23:30 - 00:00,0,2.5,2.0,3.0,7.2,,,17.3,,,23:30 - 00:00,2.5,3.0,2.0,89,0.6,1,7.2,23:30 - 00:00,2.5,3.0,2.0,89,0.6,1,7.2,186,17.3,1004.7,186,17.3,1004.7,0
DP,Das - Aeròdrom,DAS___AERODROM_DP,2026-02-06,23:00 - 23:30,SÍ,OK,2026-02-07 08:46:02,00:00,https://www.meteo.cat/observacions/xema/dades?codi=DP&dia=2026-02-06T00:00Z,12,"Període TU, TM °C, TX °C, TN °C, HRM %, PPT mm, GN cm, VVM (10 m) km/h, DVM (10 m) graus, VVX (10 m) km/h, PM hPa, RS W/m 2",21,,,1,86,1004.6,0.0,23:00 - 23:30,0,2.4,2.1,2.6,4.3,,,8.3,,,23:00 - 23:30,2.4,2.6,2.1,86,0.0,1,4.3,23:00 - 23:30,2.4,2.6,2.1,86,0.0,1,4.3,21,8.3,1004.6,21,8.3,1004.6,0
DP,Das - Aeròdrom,DAS___AERODROM_DP,2026-02-06,22:30 - 23:00,SÍ,OK,2026-02-07 08:46:02,00:00,https://www.meteo.cat/observacions/xema/dades?codi=DP&dia=2026-02-06T00:00Z,12,"Període TU, TM °C, TX °C, TN °C, HRM %, PPT mm, GN cm, VVM (10 m) km/h, DVM (10 m) graus, VVX (10 m) km/h, PM hPa, RS W/m 2",123,,,1,84,1004.4,0.0,22:30 - 23:00,0,2.7,2.4,2.9,2.9,,,7.9,,,22:30 - 23:00,2.7,2.9,2.4,84,0.0,1,2.9,22:30 - 23:00,2.7,2.9,2.4,84,0.0,1,2.9,123,7.9,1004.4,123,7.9,1004.4,0
DP,Das - Aeròdrom,DAS___AERODROM_DP,2026-02-06,22:00 - 22:30,SÍ,OK,2026-02-07 08:46:02,00:00,https://www.meteo.cat/observacions/xema/dades?codi=DP&dia=2026-02-06T00:00Z,12,"Període TU, TM °C, TX °C, TN °C, HRM %, PPT mm, GN cm, VVM (10 m) km/h, DVM (10 m) graus, VVX (10 m) km/h, PM hPa, RS W/m 2",88,,,1,84,1004.4,0.0,22:00 - 22:30,0,2.4,2.2,2.9,4.3,,,9.0,,,22:00 - 22:30,2.4,2.9,2.2,84,0.0,1,4.3,22:00 - 22:30,2.4,2.9,2.2,84,0.0,1,4.3,88,9.0,1004.4,88,9.0,1004.4,0
XL,El Prat de Llobregat - el Prat de Llobregat,EL_PRAT_DE_LLOBREGAT___EL_PRAT_DE_LLOBREGAT_XL,2026-02-07,08:00 - 08:30,NO,OK,2026-02-07 08:46:04,08:00,https://www.meteo.cat/observacions/xema/dades?codi=XL&dia=2026-02-07T08:00Z,10,"Període TU, TM °C, TX °C, TN °C, HRM %, PPT mm, VVM (10 m) km/h, DVM (10 m) graus, VVX (10 m) km/h, RS W/m 2",290,,,,52,,0.0,08:00 - 08:30,182,11.8,10.6,12.6,8.3,,,18.7,,,08:00 - 08:30,11.8,12.6,10.6,52,0.0,8.3,290,08:00 - 08:30,11.8,12.6,10.6,52,0.0,8.3,290,18.7,182,,18.7,182,,
XL,El Prat de Llobregat - el Prat de Llobregat,EL_PRAT_DE_LLOBREGAT___EL_PRAT_DE_LLOBREGAT_XL,2026-02-06,23:30 - 00:00,SÍ,OK,2026-02-07 08:46:05,00:00,https://www.meteo.cat/observacions/xema/dades?codi=XL&dia=2026-02-06T00:00Z,10,"Període TU, TM °C, TX °C, TN °C, HRM %, PPT mm, VVM (10 m) km/h, DVM (10 m) graus, VVX (10 m) km/h, RS W/m 2",300,,,,70,,0.0,23:30 - 00:00,0,10.6,9.7,11.1,7.2,,,14.8,,,23:30 - 00:00,10.6,11.1,9.7,70,0.0,7.2,300,23:30 - 00:00,10.6,11.1,9.7,70,0.0,7.2,300,14.8,0,,14.8,0,,
XL,El Prat de Llobregat - el Prat de Llobregat,EL_PRAT_DE_LLOBREGAT___EL_PRAT_DE_LLOBREGAT_XL,2026-02-06,23:00 - 23:30,SÍ,OK,2026-02-07 08:46:05,00:00,https://www.meteo.cat/observacions/xema/dades?codi=XL&dia=2026-02-06T00:00Z,10,"Període TU, TM °C, TX °C, TN °C, HRM %, PPT mm, VVM (10 m) km/h, DVM (10 m) graus, VVX (10 m) km/h, RS W/m 2",303,,,,79,,0.0,23:00 - 23:30,0,9.8,9.5,10.1,7.6,,,13.7,,,23:00 - 23:30,9.8,10.1,9.5,79,0.0,7.6,303,23:00 - 23:30,9.8,10.1,9.5,79,0.0,7.6,303,13.7,0,,13.7,0,,
XL,El Prat de Llobregat - el Prat de Llobregat,EL_PRAT_DE_LLOBREGAT___EL_PRAT_DE_LLOBREGAT_XL,2026-02-06,22:30 - 23:00,SÍ,OK,2026-02-07 08:46:05,00:00,https://www.meteo.cat/observacions/xema/dades?codi=XL&dia=2026-02-06T00:00Z,10,"Període TU, TM °C, TX °C, TN °C, HRM %, PPT mm, VVM (10 m) km/h, DVM (10 m) graus, VVX (10 m) km/h, RS W/m 2",277,,,,87,,0.0,22:30 - 23:00,0,9.0,8.6,9.9,9.7,,,15.5,,,22:30 - 23:00,9.0,9.9,8.6,87,0.0,9.7,277,22:30 - 23:00,9.0,9.9,8.6,87,0.0,9.7,277,15.5,0,,15.5,0,,
XL,El Prat de Llobregat - el Prat de Llobregat,EL_PRAT_DE_LLOBREGAT___EL_PRAT_DE_LLOBREGAT_XL,2026-02-06,22:00 - 22:30,SÍ,OK,2026-02-07 08:46:05,00:00,https://www.meteo.cat/observacions/xema/dades?codi=XL&dia=2026-02-06T00:00Z,10,"Període TU, TM °C, TX °C, TN °C, HRM %, PPT mm, VVM (10 m) km/h, DVM (10 m) graus, VVX (10 m) km/h, RS W/m 2",294,,,,84,,0.0,22:00 - 22:30,0,9.1,8.8,9.2,8.6,,,13.7,,,22:00 - 22:30,9.1,9.2,8.8,84,0.0,8.6,294,22:00 - 22:30,9.1,9.2,8.8,84,0.0,8.6,294,13.7,0,,13.7,0,,
VZ,Espolla,ESPOLLA_VZ,2026-02-07,08:00 - 08:30,NO,OK,2026-02-07 08:46:07,08:00,https://www.meteo.cat/observacions/xema/dades?codi=VZ&dia=2026-02-07T08:00Z,6,"Període TU, TM °C, TX °C, TN °C, HRM %, PPT mm",,,,,58,,0.0,08:00 - 08:30,,12.6,11.3,13.2,,,,,,,08:00 - 08:30,12.6,13.2,11.3,58,0.0,,,08:00 - 08:30,12.6,13.2,11.3,58,0.0,,,,,,,,,
VZ,Espolla,ESPOLLA_VZ,2026-02-06,23:30 - 00:00,SÍ,OK,2026-02-07 08:46:09,00:00,https://www.meteo.cat/observacions/xema/dades?codi=VZ&dia=2026-02-06T00:00Z,6,"Període TU, TM °C, TX °C, TN °C, HRM %, PPT mm",,,,,92,,0.0,23:30 - 00:00,,6.9,6.8,7.0,,,,,,,23:30 - 00:00,6.9,7.0,6.8,92,0.0,,,23:30 - 00:00,6.9,7.0,6.8,92,0.0,,,,,,,,,
VZ,Espolla,ESPOLLA_VZ,2026-02-06,23:00 - 23:30,SÍ,OK,2026-02-07 08:46:09,00:00,https://www.meteo.cat/observacions/xema/dades?codi=VZ&dia=2026-02-06T00:00Z,6,"Període TU, TM °C, TX °C, TN °C, HRM %, PPT mm",,,,,89,,0.0,23:00 - 23:30,,7.3,7.0,7.7,,,,,,,23:00 - 23:30,7.3,7.7,7.0,89,0.0,,,23:00 - 23:30,7.3,7.7,7.0,89,0.0,,,,,,,,,
VZ,Espolla,ESPOLLA_VZ,2026-02-06,22:30 - 23:00,SÍ,OK,2026-02-07 08:46:09,00:00,https://www.meteo.cat/observacions/xema/dades?codi=VZ&dia=2026-02-06T00:00Z,6,"Període TU, TM °C, TX °C, TN °C, HRM %, PPT mm",,,,,89,,0.0,22:30 - 23:00,,7.3,6.9,7.7,,,,,,,22:30 - 23:00,7.3,7.7,6.9,89,0.0,,,22:30 - 23:00,7.3,7.7,6.9,89,0.0,,,,,,,,,
VZ,Espolla,ESPOLLA_VZ,2026-02-06,22:00 - 22:30,SÍ,OK,2026-02-07 08:46:09,00:00,https://www.meteo.cat/observacions/xema/dades?codi=VZ&dia=2026-02-06T00:00Z,6,"Període TU, TM °C, TX °C, TN °C, HRM %, PPT mm",,,,,87,,0.0,22:00 - 22:30,,7.3,6.9,7.5,,,,,,,22:00 - 22:30,7.3,7.5,6.9,87,0.0,,,22:00 - 22:30,7.3,7.5,6.9,87,0.0,,,,,,,,,
Z7,Espot (2.519 m),ESPOT_2519_M_Z7,2026-02-07,08:00 - 08:30,NO,OK,2026-02-07 08:46:11,08:00,https://www.meteo.cat/observacions/xema/dades?codi=Z7&dia=2026-02-07T08:00Z,11,"Període TU, TM °C, TX °C, TN °C, HRM %, PPT mm, GN cm, VVM (10 m) km/h, DVM (10 m) graus, VVX (10 m) km/h, RS W/m 2",247,,,67,74,,0.1,08:00 - 08:30,35,-7.1,-7.6,-6.7,7.9,,,13.0,,,08:00 - 08:30,-7.1,-6.7,-7.6,74,0.1,67,7.9,08:00 - 08:30,-7.1,-6.7,-7.6,74,0.1,67,7.9,247,13.0,35,247,13.0,35,
Z7,Espot (2.519 m),ESPOT_2519_M_Z7,2026-02-06,23:30 - 00:00,SÍ,OK,2026-02-07 08:46:13,00:00,https://www.meteo.cat/observacions/xema/dades?codi=Z7&dia=2026-02-06T00:00Z,11,"Període TU, TM °C, TX °C, TN °C, HRM %, PPT mm, GN cm, VVM (10 m) km/h, DVM (10 m) graus, VVX (10 m) km/h, RS W/m 2",206,,,66,91,,0.0,23:30 - 00:00,0,-5.8,-6.3,-5.0,4.0,,,17.6,,,23:30 - 00:00,-5.8,-5.0,-6.3,91,0.0,66,4.0,23:30 - 00:00,-5.8,-5.0,-6.3,91,0.0,66,4.0,206,17.6,0,206,17.6,0,
Z7,Espot (2.519 m),ESPOT_2519_M_Z7,2026-02-06,23:00 - 23:30,SÍ,OK,2026-02-07 08:46:13,00:00,https://www.meteo.cat/observacions/xema/dades?codi=Z7&dia=2026-02-06T00:00Z,11,"Període TU, TM °C, TX °C, TN °C, HRM %, PPT mm, GN cm, VVM (10 m) km/h, DVM (10 m) graus, VVX (10 m) km/h, RS W/m 2",263,,,66,91,,0.0,23:00 - 23:30,0,-5.7,-6.0,-5.2,2.5,,,9.4,,,23:00 - 23:30,-5.7,-5.2,-6.0,91,0.0,66,2.5,23:00 - 23:30,-5.7,-5.2,-6.0,91,0.0,66,2.5,263,9.4,0,263,9.4,0,
Z7,Espot (2.519 m),ESPOT_2519_M_Z7,2026-02-06,22:30 - 23:00,SÍ,OK,2026-02-07 08:46:13,00:00,https://www.meteo.cat/observacions/xema/dades?codi=Z7&dia=2026-02-06T00:00Z,11,"Període TU, TM °C, TX °C, TN °C, HRM %, PPT mm, GN cm, VVM (10 m) km/h, DVM (10 m) graus, VVX (10 m) km/h, RS W/m 2",20,,,67,90,,0.0,22:30 - 23:00,0,-5.6,-6.3,-4.8,2.5,,,6.1,,,22:30 - 23:00,-5.6,-4.8,-6.3,90,0.0,67,2.5,22:30 - 23:00,-5.6,-4.8,-6.3,90,0.0,67,2.5,20,6.1,0,20,6.1,0,
Z7,Espot (2.519 m),ESPOT_2519_M_Z7,2026-02-06,22:00 - 22:30,SÍ,OK,2026-02-07 08:46:13,00:00,https://www.meteo.cat/observacions/xema/dades?codi=Z7&dia=2026-02-06T00:00Z,11,"Període TU, TM °C, TX °C, TN °C, HRM %, PPT mm, GN cm, VVM (10 m) km/h, DVM (10 m) graus, VVX (10 m) km/h, RS W/m 2",185,,,67,87,,0.0,22:00 - 22:30,0,-5.5,-6.1,-4.9,4.0,,,11.9,,,22:00 - 22:30,-5.5,-4.9,-6.1,87,0.0,67,4.0,22:00 - 22:30,-5.5,-4.9,-6.1,87,0.0,67,4.0,185,11.9,0,185,11.9,0,
XJ,Girona,GIRONA_XJ,2026-02-07,08:00 - 08:30,NO,OK,2026-02-07 08:46:15,08:00,https://www.meteo.cat/observacions/xema/dades?codi=XJ&dia=2026-02-07T08:00Z,11,"Període TU, TM °C, TX °C, TN °C, HRM %, PPT mm, VVM (10 m) km/h, DVM (10 m) graus, VVX (10 m) km/h, PM hPa, RS W/m 2",46,,,,93,1004.2,0.0,08:00 - 08:30,82,6.1,5.8,6.6,1.4,,,4.0,,,08:00 - 08:30,6.1,6.6,5.8,93,0.0,1.4,46,08:00 - 08:30,6.1,6.6,5.8,93,0.0,1.4,46,4.0,1004.2,82,4.0,1004.2,82,
XJ,Girona,GIRONA_XJ,2026-02-06,23:30 - 00:00,SÍ,OK,2026-02-07 08:46:17,00:00,https://www.meteo.cat/observacions/xema/dades?codi=XJ&dia=2026-02-06T00:00Z,11,"Període TU, TM °C, TX °C, TN °C, HRM %, PPT mm, VVM (10 m) km/h, DVM (10 m) graus, VVX (10 m) km/h, PM hPa, RS W/m 2",161,,,,76,1001.3,0.0,23:30 - 00:00,0,8.0,6.7,8.5,3.2,,,7.2,,,23:30 - 00:00,8.0,8.5,6.7,76,0.0,3.2,161,23:30 - 00:00,8.0,8.5,6.7,76,0.0,3.2,161,7.2,1001.3,0,7.2,1001.3,0,
XJ,Girona,GIRONA_XJ,2026-02-06,23:00 - 23:30,SÍ,OK,2026-02-07 08:46:17,00:00,https://www.meteo.cat/observacions/xema/dades?codi=XJ&dia=2026-02-06T00:00Z,11,"Període TU, TM °C, TX °C, TN °C, HRM %, PPT mm, VVM (10 m) km/h, DVM (10 m) graus, VVX (10 m) km/h, PM hPa, RS W/m 2",150,,,,75,1001.4,0.0,23:00 - 23:30,0,8.3,6.9,8.5,4.3,,,9.0,,,23:00 - 23:30,8.3,8.5,6.9,75,0.0,4.3,150,23:00 - 23:30,8.3,8.5,6.9,75,0.0,4.3,150,9.0,1001.4,0,9.0,1001.4,0,
XJ,Girona,GIRONA_XJ,2026-02-06,22:30 - 23:00,SÍ,OK,2026-02-07 08:46:17,00:00,https://www.meteo.cat/observacions/xema/dades?codi=XJ&dia=2026-02-06T00:00Z,11,"Període TU, TM °C, TX °C, TN °C, HRM %, PPT mm, VVM (10 m) km/h, DVM (10 m) graus, VVX (10 m) km/h, PM hPa, RS W/m 2",142,,,,87,1001.4,0.0,22:30 - 23:00,0,6.8,6.3,7.3,3.6,,,8.3,,,22:30 - 23:00,6.8,7.3,6.3,87,0.0,3.6,142,22:30 - 23:00,6.8,7.3,6.3,87,0.0,3.6,142,8.3,1001.4,0,8.3,1001.4,0,
XJ,Girona,GIRONA_XJ,2026-02-06,22:00 - 22:30,SÍ,OK,2026-02-07 08:46:17,00:00,https://www.meteo.cat/observacions/xema/dades?codi=XJ&dia=2026-02-06T00:00Z,11,"Període TU, TM °C, TX °C, TN °C, HRM %, PPT mm, VVM (10 m) km/h, DVM (10 m) graus, VVX (10 m) km/h, PM hPa, RS W/m 2",16,,,,88,1001.3,0.0,22:00 - 22:30,0,6.9,6.3,7.5,1.1,,,4.3,,,22:00 - 22:30,6.9,7.5,6.3,88,0.0,1.1,16,22:00 - 22:30,6.9,7.5,6.3,88,0.0,1.1,16,4.3,1001.3,0,4.3,1001.3,0,
YU,L'esquirol - Cantonigròs,LESQUIROL___CANTONIGROS_YU,2026-02-07,08:00 - 08:30,NO,OK,2026-02-07 08:46:19,08:00,https://www.meteo.cat/observacions/xema/dades?codi=YU&dia=2026-02-07T08:00Z,10,"Període TU, TM °C, TX °C, TN °C, HRM %, PPT mm, VVM (10 m) km/h, DVM (10 m) graus, VVX (10 m) km/h, RS W/m 2",264,,,,95,,0.0,08:00 - 08:30,53,2.5,2.4,2.6,5.8,,,10.8,,,08:00 - 08:30,2.5,2.6,2.4,95,0.0,5.8,264,08:00 - 08:30,2.5,2.6,2.4,95,0.0,5.8,264,10.8,53,,10.8,53,,
YU,L'esquirol - Cantonigròs,LESQUIROL___CANTONIGROS_YU,2026-02-06,23:30 - 00:00,SÍ,OK,2026-02-07 08:46:20,00:00,https://www.meteo.cat/observacions/xema/dades?codi=YU&dia=2026-02-06T00:00Z,10,"Període TU, TM °C, TX °C, TN °C, HRM %, PPT mm, VVM (10 m) km/h, DVM (10 m) graus, VVX (10 m) km/h, RS W/m 2",266,,,,81,,0.0,23:30 - 00:00,0,4.7,4.1,5.1,9.0,,,18.4,,,23:30 - 00:00,4.7,5.1,4.1,81,0.0,9.0,266,23:30 - 00:00,4.7,5.1,4.1,81,0.0,9.0,266,18.4,0,,18.4,0,,
YU,L'esquirol - Cantonigròs,LESQUIROL___CANTONIGROS_YU,2026-02-06,23:00 - 23:30,SÍ,OK,2026-02-07 08:46:20,00:00,https://www.meteo.cat/observacions/xema/dades?codi=YU&dia=2026-02-06T00:00Z,10,"Període TU, TM °C, TX °C, TN °C, HRM %, PPT mm, VVM (10 m) km/h, DVM (10 m) graus, VVX (10 m) km/h, RS W/m 2",256,,,,84,,0.0,23:00 - 23:30,0,4.4,4.1,4.6,7.2,,,16.6,,,23:00 - 23:30,4.4,4.6,4.1,84,0.0,7.2,256,23:00 - 23:30,4.4,4.6,4.1,84,0.0,7.2,256,16.6,0,,16.6,0,,
YU,L'esquirol - Cantonigròs,LESQUIROL___CANTONIGROS_YU,2026-02-06,22:30 - 23:00,SÍ,OK,2026-02-07 08:46:20,00:00,https://www.meteo.cat/observacions/xema/dades?codi=YU&dia=2026-02-06T00:00Z,10,"Període TU, TM °C, TX °C, TN °C, HRM %, PPT mm, VVM (10 m) km/h, DVM (10 m) graus, VVX (10 m) km/h, RS W/m 2",243,,,,81,,0.0,22:30 - 23:00,0,4.6,4.2,5.0,6.8,,,14.0,,,22:30 - 23:00,4.6,5.0,4.2,81,0.0,6.8,243,22:30 - 23:00,4.6,5.0,4.2,81,0.0,6.8,243,14.0,0,,14.0,0,,
YU,L'esquirol - Cantonigròs,LESQUIROL___CANTONIGROS_YU,2026-02-06,22:00 - 22:30,SÍ,OK,2026-02-07 08:46:20,00:00,https://www.meteo.cat/observacions/xema/dades?codi=YU&dia=2026-02-06T00:00Z,10,"Període TU, TM °C, TX °C, TN °C, HRM %, PPT mm, VVM (10 m) km/h, DVM (10 m) graus, VVX (10 m) km/h, RS W/m 2",227,,,,80,,0.0,22:00 - 22:30,0,4.8,4.7,5.0,6.5,,,11.5,,,22:00 - 22:30,4.8,5.0,4.7,80,0.0,6.5,227,22:00 - 22:30,4.8,5.0,4.7,80,0.0,6.5,227,11.5,0,,11.5,0,,
CD,La Seu D'urgell - la Seu D'urgell - Bellestar,LA_SEU_DURGELL___LA_SEU_DURGELL___BELLESTAR_CD,2026-02-07,08:00 - 08:30,NO,OK,2026-02-07 08:46:23,08:00,https://www.meteo.cat/observacions/xema/dades?codi=CD&dia=2026-02-07T08:00Z,11,"Període TU, TM °C, TX °C, TN °C, HRM %, PPT mm, VVM (10 m) km/h, DVM (10 m) graus, VVX (10 m) km/h, PM hPa, RS W/m 2",253,,,,100,1006.9,0.0,08:00 - 08:30,55,2.7,2.5,2.9,1.8,,,4.7,,,08:00 - 08:30,2.7,2.9,2.5,100,0.0,1.8,253,08:00 - 08:30,2.7,2.9,2.5,100,0.0,1.8,253,4.7,1006.9,55,4.7,1006.9,55,
CD,La Seu D'urgell - la Seu D'urgell - Bellestar,LA_SEU_DURGELL___LA_SEU_DURGELL___BELLESTAR_CD,2026-02-06,23:30 - 00:00,SÍ,OK,2026-02-07 08:46:24,00:00,https://www.meteo.cat/observacions/xema/dades?codi=CD&dia=2026-02-06T00:00Z,11,"Període TU, TM °C, TX °C, TN °C, HRM %, PPT mm, VVM (10 m) km/h, DVM (10 m) graus, VVX (10 m) km/h, PM hPa, RS W/m 2",91,,,,93,1004.3,0.6,23:30 - 00:00,0,4.3,4.2,4.4,2.5,,,6.5,,,23:30 - 00:00,4.3,4.4,4.2,93,0.6,2.5,91,23:30 - 00:00,4.3,4.4,4.2,93,0.6,2.5,91,6.5,1004.3,0,6.5,1004.3,0,
CD,La Seu D'urgell - la Seu D'urgell - Bellestar,LA_SEU_DURGELL___LA_SEU_DURGELL___BELLESTAR_CD,2026-02-06,23:00 - 23:30,SÍ,OK,2026-02-07 08:46:24,00:00,https://www.meteo.cat/observacions/xema/dades?codi=CD&dia=2026-02-06T00:00Z,11,"Període TU, TM °C, TX °C, TN °C, HRM %, PPT mm, VVM (10 m) km/h, DVM (10 m) graus, VVX (10 m) km/h, PM hPa, RS W/m 2",250,,,,89,1004.3,0.4,23:00 - 23:30,0,4.6,4.4,4.8,3.2,,,14.8,,,23:00 - 23:30,4.6,4.8,4.4,89,0.4,3.2,250,23:00 - 23:30,4.6,4.8,4.4,89,0.4,3.2,250,14.8,1004.3,0,14.8,1004.3,0,
CD,La Seu D'urgell - la Seu D'urgell - Bellestar,LA_SEU_DURGELL___LA_SEU_DURGELL___BELLESTAR_CD,2026-02-06,22:30 - 23:00,SÍ,OK,2026-02-07 08:46:24,00:00,https://www.meteo.cat/observacions/xema/dades?codi=CD&dia=2026-02-06T00:00Z,11,"Període TU, TM °C, TX °C, TN °C, HRM %, PPT mm, VVM (10 m) km/h, DVM (10 m) graus, VVX (10 m) km/h, PM hPa, RS W/m 2",247,,,,85,1004.0,0.2,22:30 - 23:00,0,5.1,4.8,5.4,1.1,,,4.7,,,22:30 - 23:00,5.1,5.4,4.8,85,0.2,1.1,247,22:30 - 23:00,5.1,5.4,4.8,85,0.2,1.1,247,4.7,1004.0,0,4.7,1004.0,0,
CD,La Seu D'urgell - la Seu D'urgell - Bellestar,LA_SEU_DURGELL___LA_SEU_DURGELL___BELLESTAR_CD,2026-02-06,22:00 - 22:30,SÍ,OK,2026-02-07 08:46:24,00:00,https://www.meteo.cat/observacions/xema/dades?codi=CD&dia=2026-02-06T00:00Z,11,"Període TU, TM °C, TX °C, TN °C, HRM %, PPT mm, VVM (10 m) km/h, DVM (10 m) graus, VVX (10 m) km/h, PM hPa, RS W/m 2",289,,,,79,1003.5,0.0,22:00 - 22:30,0,5.6,5.4,5.7,2.2,,,10.8,,,22:00 - 22:30,5.6,5.7,5.4,79,0.0,2.2,289,22:00 - 22:30,5.6,5.7,5.4,79,0.0,2.2,289,10.8,1003.5,0,10.8,1003.5,0,
Z2,La Vall de Boí - Boí (2.535 m),LA_VALL_DE_BOI___BOI_2535_M_Z2,2026-02-07,08:00 - 08:30,NO,OK,2026-02-07 08:46:27,08:00,https://www.meteo.cat/observacions/xema/dades?codi=Z2&dia=2026-02-07T08:00Z,11,"Període TU, TM °C, TX °C, TN °C, HRM %, PPT mm, GN cm, VVM (6 m) km/h, DVM (6 m) graus, VVX (6 m) km/h, RS W/m 2",,,319,115,94,,0.0,08:00 - 08:30,103,-7.0,-7.6,-6.4,,,5.8,,,7.6,08:00 - 08:30,-7.0,-6.4,-7.6,94,0.0,115,5.8,08:00 - 08:30,-7.0,-6.4,-7.6,94,0.0,115,5.8,319,7.6,103,319,7.6,103,
Z2,La Vall de Boí - Boí (2.535 m),LA_VALL_DE_BOI___BOI_2535_M_Z2,2026-02-06,23:30 - 00:00,SÍ,OK,2026-02-07 08:46:28,00:00,https://www.meteo.cat/observacions/xema/dades?codi=Z2&dia=2026-02-06T00:00Z,11,"Període TU, TM °C, TX °C, TN °C, HRM %, PPT mm, GN cm, VVM (6 m) km/h, DVM (6 m) graus, VVX (6 m) km/h, RS W/m 2",,,305,115,95,,0.0,23:30 - 00:00,0,-6.0,-6.0,-6.0,,,6.8,,,11.9,23:30 - 00:00,-6.0,-6.0,-6.0,95,0.0,115,6.8,23:30 - 00:00,-6.0,-6.0,-6.0,95,0.0,115,6.8,305,11.9,0,305,11.9,0,
Z2,La Vall de Boí - Boí (2.535 m),LA_VALL_DE_BOI___BOI_2535_M_Z2,2026-02-06,23:00 - 23:30,SÍ,OK,2026-02-07 08:46:28,00:00,https://www.meteo.cat/observacions/xema/dades?codi=Z2&dia=2026-02-06T00:00Z,11,"Període TU, TM °C, TX °C, TN °C, HRM %, PPT mm, GN cm, VVM (6 m) km/h, DVM (6 m) graus, VVX (6 m) km/h, RS W/m 2",,,272,114,95,,0.0,23:00 - 23:30,0,-6.0,-6.2,-6.0,,,5.4,,,9.4,23:00 - 23:30,-6.0,-6.0,-6.2,95,0.0,114,5.4,23:00 - 23:30,-6.0,-6.0,-6.2,95,0.0,114,5.4,272,9.4,0,272,9.4,0,
Z2,La Vall de Boí - Boí (2.535 m),LA_VALL_DE_BOI___BOI_2535_M_Z2,2026-02-06,22:30 - 23:00,SÍ,OK,2026-02-07 08:46:28,00:00,https://www.meteo.cat/observacions/xema/dades?codi=Z2&dia=2026-02-06T00:00Z,11,"Període TU, TM °C, TX °C, TN °C, HRM %, PPT mm, GN cm, VVM (6 m) km/h, DVM (6 m) graus, VVX (6 m) km/h, RS W/m 2",,,305,113,95,,0.0,22:30 - 23:00,0,-6.2,-6.2,-6.2,,,0.4,,,6.8,22:30 - 23:00,-6.2,-6.2,-6.2,95,0.0,113,0.4,22:30 - 23:00,-6.2,-6.2,-6.2,95,0.0,113,0.4,305,6.8,0,305,6.8,0,
Z2,La Vall de Boí - Boí (2.535 m),LA_VALL_DE_BOI___BOI_2535_M_Z2,2026-02-06,22:00 - 22:30,SÍ,OK,2026-02-07 08:46:28,00:00,https://www.meteo.cat/observacions/xema/dades?codi=Z2&dia=2026-02-06T00:00Z,11,"Període TU, TM °C, TX °C, TN °C, HRM %, PPT mm, GN cm, VVM (6 m) km/h, DVM (6 m) graus, VVX (6 m) km/h, RS W/m 2",,,0,118,95,,0.0,22:00 - 22:30,0,-6.2,-6.2,-6.2,,,0.0,,,0.0,22:00 - 22:30,-6.2,-6.2,-6.2,95,0.0,118,0.0,22:00 - 22:30,-6.2,-6.2,-6.2,95,0.0,118,0.0,0,0.0,0,0,0.0,0,
VK,Lleida - Raimat,LLEIDA___RAIMAT_VK,2026-02-07,08:00 - 08:30,NO,OK,2026-02-07 08:46:31,08:00,https://www.meteo.cat/observacions/xema/dades?codi=VK&dia=2026-02-07T08:00Z,11,"Període TU, TM °C, TX °C, TN °C, HRM %, PPT mm, VVM (10 m) km/h, DVM (10 m) graus, VVX (10 m) km/h, PM hPa, RS W/m 2",273,,,,98,1008.4,0.0,08:00 - 08:30,176,5.1,4.5,5.8,9.7,,,13.0,,,08:00 - 08:30,5.1,5.8,4.5,98,0.0,9.7,273,08:00 - 08:30,5.1,5.8,4.5,98,0.0,9.7,273,13.0,1008.4,176,13.0,1008.4,176,
VK,Lleida - Raimat,LLEIDA___RAIMAT_VK,2026-02-06,23:30 - 00:00,SÍ,OK,2026-02-07 08:46:32,00:00,https://www.meteo.cat/observacions/xema/dades?codi=VK&dia=2026-02-06T00:00Z,11,"Període TU, TM °C, TX °C, TN °C, HRM %, PPT mm, VVM (10 m) km/h, DVM (10 m) graus, VVX (10 m) km/h, PM hPa, RS W/m 2",327,,,,100,1004.8,0.0,23:30 - 00:00,0,6.2,5.7,6.9,6.1,,,9.4,,,23:30 - 00:00,6.2,6.9,5.7,100,0.0,6.1,327,23:30 - 00:00,6.2,6.9,5.7,100,0.0,6.1,327,9.4,1004.8,0,9.4,1004.8,0,
VK,Lleida - Raimat,LLEIDA___RAIMAT_VK,2026-02-06,23:00 - 23:30,SÍ,OK,2026-02-07 08:46:32,00:00,https://www.meteo.cat/observacions/xema/dades?codi=VK&dia=2026-02-06T00:00Z,11,"Període TU, TM °C, TX °C, TN °C, HRM %, PPT mm, VVM (10 m) km/h, DVM (10 m) graus, VVX (10 m) km/h, PM hPa, RS W/m 2",14,,,,100,1004.7,0.0,23:00 - 23:30,0,7.1,6.9,7.2,7.9,,,11.9,,,23:00 - 23:30,7.1,7.2,6.9,100,0.0,7.9,14,23:00 - 23:30,7.1,7.2,6.9,100,0.0,7.9,14,11.9,1004.7,0,11.9,1004.7,0,
VK,Lleida - Raimat,LLEIDA___RAIMAT_VK,2026-02-06,22:30 - 23:00,SÍ,OK,2026-02-07 08:46:32,00:00,https://www.meteo.cat/observacions/xema/dades?codi=VK&dia=2026-02-06T00:00Z,11,"Període TU, TM °C, TX °C, TN °C, HRM %, PPT mm, VVM (10 m) km/h, DVM (10 m) graus, VVX (10 m) km/h, PM hPa, RS W/m 2",34,,,,100,1004.7,0.3,22:30 - 23:00,0,7.2,7.2,7.3,6.5,,,9.7,,,22:30 - 23:00,7.2,7.3,7.2,100,0.3,6.5,34,22:30 - 23:00,7.2,7.3,7.2,100,0.3,6.5,34,9.7,1004.7,0,9.7,1004.7,0,
VK,Lleida - Raimat,LLEIDA___RAIMAT_VK,2026-02-06,22:00 - 22:30,SÍ,OK,2026-02-07 08:46:32,00:00,https://www.meteo.cat/observacions/xema/dades?codi=VK&dia=2026-02-06T00:00Z,11,"Període TU, TM °C, TX °C, TN °C, HRM %, PPT mm, VVM (10 m) km/h, DVM (10 m) graus, VVX (10 m) km/h, PM hPa, RS W/m 2",36,,,,100,1004.5,0.0,22:00 - 22:30,0,7.1,7.1,7.2,6.8,,,10.8,,,22:00 - 22:30,7.1,7.2,7.1,100,0.0,6.8,36,22:00 - 22:30,7.1,7.2,7.1,100,0.0,6.8,36,10.8,1004.5,0,10.8,1004.5,0,
Z3,Meranges - Malniu (2.230 m),MERANGES___MALNIU_2230_M_Z3,2026-02-07,08:00 - 08:30,NO,OK,2026-02-07 08:46:35,08:00,https://www.meteo.cat/observacions/xema/dades?codi=Z3&dia=2026-02-07T08:00Z,11,"Període TU, TM °C, TX °C, TN °C, HRM %, PPT mm, GN cm, VVM (6 m) km/h, DVM (6 m) graus, VVX (6 m) km/h, RS W/m 2",,,235,113,72,,0.0,08:00 - 08:30,117,-3.9,-4.5,-3.4,,,1.8,,,5.8,08:00 - 08:30,-3.9,-3.4,-4.5,72,0.0,113,1.8,08:00 - 08:30,-3.9,-3.4,-4.5,72,0.0,113,1.8,235,5.8,117,235,5.8,117,
Z3,Meranges - Malniu (2.230 m),MERANGES___MALNIU_2230_M_Z3,2026-02-06,23:30 - 00:00,SÍ,OK,2026-02-07 08:46:36,00:00,https://www.meteo.cat/observacions/xema/dades?codi=Z3&dia=2026-02-06T00:00Z,11,"Període TU, TM °C, TX °C, TN °C, HRM %, PPT mm, GN cm, VVM (6 m) km/h, DVM (6 m) graus, VVX (6 m) km/h, RS W/m 2",,,56,114,88,,0.0,23:30 - 00:00,0,-4.0,-4.1,-3.9,,,0.4,,,3.2,23:30 - 00:00,-4.0,-3.9,-4.1,88,0.0,114,0.4,23:30 - 00:00,-4.0,-3.9,-4.1,88,0.0,114,0.4,56,3.2,0,56,3.2,0,
Z3,Meranges - Malniu (2.230 m),MERANGES___MALNIU_2230_M_Z3,2026-02-06,23:00 - 23:30,SÍ,OK,2026-02-07 08:46:36,00:00,https://www.meteo.cat/observacions/xema/dades?codi=Z3&dia=2026-02-06T00:00Z,11,"Període TU, TM °C, TX °C, TN °C, HRM %, PPT mm, GN cm, VVM (6 m) km/h, DVM (6 m) graus, VVX (6 m) km/h, RS W/m 2",,,255,115,86,,0.0,23:00 - 23:30,0,-3.6,-4.2,-2.5,,,3.2,,,11.2,23:00 - 23:30,-3.6,-2.5,-4.2,86,0.0,115,3.2,23:00 - 23:30,-3.6,-2.5,-4.2,86,0.0,115,3.2,255,11.2,0,255,11.2,0,
Z3,Meranges - Malniu (2.230 m),MERANGES___MALNIU_2230_M_Z3,2026-02-06,22:30 - 23:00,SÍ,OK,2026-02-07 08:46:36,00:00,https://www.meteo.cat/observacions/xema/dades?codi=Z3&dia=2026-02-06T00:00Z,11,"Període TU, TM °C, TX °C, TN °C, HRM %, PPT mm, GN cm, VVM (6 m) km/h, DVM (6 m) graus, VVX (6 m) km/h, RS W/m 2",,,6,115,78,,0.0,22:30 - 23:00,0,-3.4,-3.7,-2.9,,,2.9,,,15.5,22:30 - 23:00,-3.4,-2.9,-3.7,78,0.0,115,2.9,22:30 - 23:00,-3.4,-2.9,-3.7,78,0.0,115,2.9,6,15.5,0,6,15.5,0,
Z3,Meranges - Malniu (2.230 m),MERANGES___MALNIU_2230_M_Z3,2026-02-06,22:00 - 22:30,SÍ,OK,2026-02-07 08:46:36,00:00,https://www.meteo.cat/observacions/xema/dades?codi=Z3&dia=2026-02-06T00:00Z,11,"Període TU, TM °C, TX °C, TN °C, HRM %, PPT mm, GN cm, VVM (6 m) km/h, DVM (6 m) graus, VVX (6 m) km/h, RS W/m 2",,,37,115,73,,0.0,22:00 - 22:30,0,-3.0,-3.8,-2.4,,,7.6,,,26.6,22:00 - 22:30,-3.0,-2.4,-3.8,73,0.0,115,7.6,22:00 - 22:30,-3.0,-2.4,-3.8,73,0.0,115,7.6,37,26.6,0,37,26.6,0,
YB,Olot,OLOT_YB,2026-02-07,08:00 - 08:30,NO,OK,2026-02-07 08:46:38,08:00,https://www.meteo.cat/observacions/xema/dades?codi=YB&dia=2026-02-07T08:00Z,11,"Període TU, TM °C, TX °C, TN °C, HRM %, PPT mm, VVM (10 m) km/h, DVM (10 m) graus, VVX (10 m) km/h, PM hPa, RS W/m 2",132,,,,80,1004.4,0.0,08:00 - 08:30,132,5.9,3.8,7.7,4.0,,,9.4,,,08:00 - 08:30,5.9,7.7,3.8,80,0.0,4.0,132,08:00 - 08:30,5.9,7.7,3.8,80,0.0,4.0,132,9.4,1004.4,132,9.4,1004.4,132,
YB,Olot,OLOT_YB,2026-02-06,23:30 - 00:00,SÍ,OK,2026-02-07 08:46:39,00:00,https://www.meteo.cat/observacions/xema/dades?codi=YB&dia=2026-02-06T00:00Z,11,"Període TU, TM °C, TX °C, TN °C, HRM %, PPT mm, VVM (10 m) km/h, DVM (10 m) graus, VVX (10 m) km/h, PM hPa, RS W/m 2",264,,,,55,1000.6,0.0,23:30 - 00:00,0,11.0,10.3,11.4,9.7,,,21.6,,,23:30 - 00:00,11.0,11.4,10.3,55,0.0,9.7,264,23:30 - 00:00,11.0,11.4,10.3,55,0.0,9.7,264,21.6,1000.6,0,21.6,1000.6,0,
YB,Olot,OLOT_YB,2026-02-06,23:00 - 23:30,SÍ,OK,2026-02-07 08:46:39,00:00,https://www.meteo.cat/observacions/xema/dades?codi=YB&dia=2026-02-06T00:00Z,11,"Període TU, TM °C, TX °C, TN °C, HRM %, PPT mm, VVM (10 m) km/h, DVM (10 m) graus, VVX (10 m) km/h, PM hPa, RS W/m 2",237,,,,64,1001.1,0.0,23:00 - 23:30,0,8.9,8.3,10.4,5.0,,,15.8,,,23:00 - 23:30,8.9,10.4,8.3,64,0.0,5.0,237,23:00 - 23:30,8.9,10.4,8.3,64,0.0,5.0,237,15.8,1001.1,0,15.8,1001.1,0,
YB,Olot,OLOT_YB,2026-02-06,22:30 - 23:00,SÍ,OK,2026-02-07 08:46:39,00:00,https://www.meteo.cat/observacions/xema/dades?codi=YB&dia=2026-02-06T00:00Z,11,"Període TU, TM °C, TX °C, TN °C, HRM %, PPT mm, VVM (10 m) km/h, DVM (10 m) graus, VVX (10 m) km/h, PM hPa, RS W/m 2",64,,,,74,1001.2,0.0,22:30 - 23:00,0,7.3,6.7,8.2,5.0,,,15.1,,,22:30 - 23:00,7.3,8.2,6.7,74,0.0,5.0,64,22:30 - 23:00,7.3,8.2,6.7,74,0.0,5.0,64,15.1,1001.2,0,15.1,1001.2,0,
YB,Olot,OLOT_YB,2026-02-06,22:00 - 22:30,SÍ,OK,2026-02-07 08:46:39,00:00,https://www.meteo.cat/observacions/xema/dades?codi=YB&dia=2026-02-06T00:00Z,11,"Període TU, TM °C, TX °C, TN °C, HRM %, PPT mm, VVM (10 m) km/h, DVM (10 m) graus, VVX (10 m) km/h, PM hPa, RS W/m 2",283,,,,72,1001.2,0.0,22:00 - 22:30,0,7.5,7.2,8.1,3.2,,,6.8,,,22:00 - 22:30,7.5,8.1,7.2,72,0.0,3.2,283,22:00 - 22:30,7.5,8.1,7.2,72,0.0,3.2,283,6.8,1001.2,0,6.8,1001.2,0,
YP,Palafrugell,PALAFRUGELL_YP,2026-02-07,08:00 - 08:30,NO,OK,2026-02-07 08:46:42,08:00,https://www.meteo.cat/observacions/xema/dades?codi=YP&dia=2026-02-07T08:00Z,10,"Període TU, TM °C, TX °C, TN °C, HRM %, PPT mm, VVM (10 m) km/h, DVM (10 m) graus, VVX (10 m) km/h, RS W/m 2",92,,,,73,,0.0,08:00 - 08:30,264,11.1,9.6,12.6,1.8,,,7.6,,,08:00 - 08:30,11.1,12.6,9.6,73,0.0,1.8,92,08:00 - 08:30,11.1,12.6,9.6,73,0.0,1.8,92,7.6,264,,7.6,264,,
YP,Palafrugell,PALAFRUGELL_YP,2026-02-06,23:30 - 00:00,SÍ,OK,2026-02-07 08:46:43,00:00,https://www.meteo.cat/observacions/xema/dades?codi=YP&dia=2026-02-06T00:00Z,10,"Període TU, TM °C, TX °C, TN °C, HRM %, PPT mm, VVM (10 m) km/h, DVM (10 m) graus, VVX (10 m) km/h, RS W/m 2",94,,,,97,,0.0,23:30 - 00:00,0,5.4,5.3,5.7,1.4,,,3.6,,,23:30 - 00:00,5.4,5.7,5.3,97,0.0,1.4,94,23:30 - 00:00,5.4,5.7,5.3,97,0.0,1.4,94,3.6,0,,3.6,0,,
YP,Palafrugell,PALAFRUGELL_YP,2026-02-06,23:00 - 23:30,SÍ,OK,2026-02-07 08:46:43,00:00,https://www.meteo.cat/observacions/xema/dades?codi=YP&dia=2026-02-06T00:00Z,10,"Període TU, TM °C, TX °C, TN °C, HRM %, PPT mm, VVM (10 m) km/h, DVM (10 m) graus, VVX (10 m) km/h, RS W/m 2",220,,,,96,,0.0,23:00 - 23:30,0,5.5,5.4,5.6,0.4,,,3.2,,,23:00 - 23:30,5.5,5.6,5.4,96,0.0,0.4,220,23:00 - 23:30,5.5,5.6,5.4,96,0.0,0.4,220,3.2,0,,3.2,0,,
YP,Palafrugell,PALAFRUGELL_YP,2026-02-06,22:30 - 23:00,SÍ,OK,2026-02-07 08:46:43,00:00,https://www.meteo.cat/observacions/xema/dades?codi=YP&dia=2026-02-06T00:00Z,10,"Període TU, TM °C, TX °C, TN °C, HRM %, PPT mm, VVM (10 m) km/h, DVM (10 m) graus, VVX (10 m) km/h, RS W/m 2",321,,,,96,,0.0,22:30 - 23:00,0,5.5,5.5,5.6,0.7,,,3.2,,,22:30 - 23:00,5.5,5.6,5.5,96,0.0,0.7,321,22:30 - 23:00,5.5,5.6,5.5,96,0.0,0.7,321,3.2,0,,3.2,0,,
YP,Palafrugell,PALAFRUGELL_YP,2026-02-06,22:00 - 22:30,SÍ,OK,2026-02-07 08:46:43,00:00,https://www.meteo.cat/observacions/xema/dades?codi=YP&dia=2026-02-06T00:00Z,10,"Període TU, TM °C, TX °C, TN °C, HRM %, PPT mm, VVM (10 m) km/h, DVM (10 m) graus, VVX (10 m) km/h, RS W/m 2",108,,,,96,,0.0,22:00 - 22:30,0,5.6,5.5,5.8,0.4,,,3.2,,,22:00 - 22:30,5.6,5.8,5.5,96,0.0,0.4,108,22:00 - 22:30,5.6,5.8,5.5,96,0.0,0.4,108,3.2,0,,3.2,0,,
J5,Pantà de Darnius - Boadella,PANTA_DE_DARNIUS___BOADELLA_J5,2026-02-07,08:00 - 08:30,NO,OK,2026-02-07 08:46:46,08:00,https://www.meteo.cat/observacions/xema/dades?codi=J5&dia=2026-02-07T08:00Z,11,"Període TU, TM °C, TX °C, TN °C, HRM %, PPT mm, VVM (10 m) km/h, DVM (10 m) graus, VVX (10 m) km/h, PM hPa, RS W/m 2",64,,,,73,1003.6,0.0,08:00 - 08:30,166,10.2,10.0,10.6,8.6,,,22.0,,,08:00 - 08:30,10.2,10.6,10.0,73,0.0,8.6,64,08:00 - 08:30,10.2,10.6,10.0,73,0.0,8.6,64,22.0,1003.6,166,22.0,1003.6,166,
J5,Pantà de Darnius - Boadella,PANTA_DE_DARNIUS___BOADELLA_J5,2026-02-06,23:30 - 00:00,SÍ,OK,2026-02-07 08:46:47,00:00,https://www.meteo.cat/observacions/xema/dades?codi=J5&dia=2026-02-06T00:00Z,11,"Període TU, TM °C, TX °C, TN °C, HRM %, PPT mm, VVM (10 m) km/h, DVM (10 m) graus, VVX (10 m) km/h, PM hPa, RS W/m 2",42,,,,100,1001.0,0.0,23:30 - 00:00,0,7.7,7.5,7.9,5.4,,,10.4,,,23:30 - 00:00,7.7,7.9,7.5,100,0.0,5.4,42,23:30 - 00:00,7.7,7.9,7.5,100,0.0,5.4,42,10.4,1001.0,0,10.4,1001.0,0,
J5,Pantà de Darnius - Boadella,PANTA_DE_DARNIUS___BOADELLA_J5,2026-02-06,23:00 - 23:30,SÍ,OK,2026-02-07 08:46:47,00:00,https://www.meteo.cat/observacions/xema/dades?codi=J5&dia=2026-02-06T00:00Z,11,"Període TU, TM °C, TX °C, TN °C, HRM %, PPT mm, VVM (10 m) km/h, DVM (10 m) graus, VVX (10 m) km/h, PM hPa, RS W/m 2",27,,,,99,1001.1,0.0,23:00 - 23:30,0,7.8,7.6,8.0,6.8,,,13.0,,,23:00 - 23:30,7.8,8.0,7.6,99,0.0,6.8,27,23:00 - 23:30,7.8,8.0,7.6,99,0.0,6.8,27,13.0,1001.1,0,13.0,1001.1,0,
J5,Pantà de Darnius - Boadella,PANTA_DE_DARNIUS___BOADELLA_J5,2026-02-06,22:30 - 23:00,SÍ,OK,2026-02-07 08:46:47,00:00,https://www.meteo.cat/observacions/xema/dades?codi=J5&dia=2026-02-06T00:00Z,11,"Període TU, TM °C, TX °C, TN °C, HRM %, PPT mm, VVM (10 m) km/h, DVM (10 m) graus, VVX (10 m) km/h, PM hPa, RS W/m 2",23,,,,100,1001.0,0.0,22:30 - 23:00,0,7.7,7.7,7.9,6.8,,,14.8,,,22:30 - 23:00,7.7,7.9,7.7,100,0.0,6.8,23,22:30 - 23:00,7.7,7.9,7.7,100,0.0,6.8,23,14.8,1001.0,0,14.8,1001.0,0,
J5,Pantà de Darnius - Boadella,PANTA_DE_DARNIUS___BOADELLA_J5,2026-02-06,22:00 - 22:30,SÍ,OK,2026-02-07 08:46:47,00:00,https://www.meteo.cat/observacions/xema/dades?codi=J5&dia=2026-02-06T00:00Z,11,"Període TU, TM °C, TX °C, TN °C, HRM %, PPT mm, VVM (10 m) km/h, DVM (10 m) graus, VVX (10 m) km/h, PM hPa, RS W/m 2",48,,,,100,1001.1,0.0,22:00 - 22:30,0,7.6,7.4,7.8,5.0,,,10.1,,,22:00 - 22:30,7.6,7.8,7.4,100,0.0,5.0,48,22:00 - 22:30,7.6,7.8,7.4,100,0.0,5.0,48,10.1,1001.1,0,10.1,1001.1,0,
D6,Portbou - Coll dels Belitres,PORTBOU___COLL_DELS_BELITRES_D6,2026-02-07,08:00 - 08:30,NO,OK,2026-02-07 08:46:50,08:00,https://www.meteo.cat/observacions/xema/dades?codi=D6&dia=2026-02-07T08:00Z,11,"Període TU, TM °C, TX °C, TN °C, HRM %, PPT mm, VVM (10 m) km/h, DVM (10 m) graus, VVX (10 m) km/h, PM hPa, RS W/m 2",360,,,,68,1003.1,0.0,08:00 - 08:30,189,10.2,10.0,10.3,42.5,,,61.6,,,08:00 - 08:30,10.2,10.3,10.0,68,0.0,42.5,360,08:00 - 08:30,10.2,10.3,10.0,68,0.0,42.5,360,61.6,1003.1,189,61.6,1003.1,189,
D6,Portbou - Coll dels Belitres,PORTBOU___COLL_DELS_BELITRES_D6,2026-02-06,23:30 - 00:00,SÍ,OK,2026-02-07 08:46:51,00:00,https://www.meteo.cat/observacions/xema/dades?codi=D6&dia=2026-02-06T00:00Z,11,"Període TU, TM °C, TX °C, TN °C, HRM %, PPT mm, VVM (10 m) km/h, DVM (10 m) graus, VVX (10 m) km/h, PM hPa, RS W/m 2",206,,,,75,1000.2,0.0,23:30 - 00:00,0,11.1,10.9,11.4,14.0,,,22.0,,,23:30 - 00:00,11.1,11.4,10.9,75,0.0,14.0,206,23:30 - 00:00,11.1,11.4,10.9,75,0.0,14.0,206,22.0,1000.2,0,22.0,1000.2,0,
D6,Portbou - Coll dels Belitres,PORTBOU___COLL_DELS_BELITRES_D6,2026-02-06,23:00 - 23:30,SÍ,OK,2026-02-07 08:46:51,00:00,https://www.meteo.cat/observacions/xema/dades?codi=D6&dia=2026-02-06T00:00Z,11,"Període TU, TM °C, TX °C, TN °C, HRM %, PPT mm, VVM (10 m) km/h, DVM (10 m) graus, VVX (10 m) km/h, PM hPa, RS W/m 2",175,,,,82,1000.2,0.0,23:00 - 23:30,0,11.1,10.8,11.4,9.0,,,19.4,,,23:00 - 23:30,11.1,11.4,10.8,82,0.0,9.0,175,23:00 - 23:30,11.1,11.4,10.8,82,0.0,9.0,175,19.4,1000.2,0,19.4,1000.2,0,
D6,Portbou - Coll dels Belitres,PORTBOU___COLL_DELS_BELITRES_D6,2026-02-06,22:30 - 23:00,SÍ,OK,2026-02-07 08:46:51,00:00,https://www.meteo.cat/observacions/xema/dades?codi=D6&dia=2026-02-06T00:00Z,11,"Període TU, TM °C, TX °C, TN °C, HRM %, PPT mm, VVM (10 m) km/h, DVM (10 m) graus, VVX (10 m) km/h, PM hPa, RS W/m 2",131,,,,86,1000.3,0.0,22:30 - 23:00,0,11.0,10.9,11.2,7.9,,,14.8,,,22:30 - 23:00,11.0,11.2,10.9,86,0.0,7.9,131,22:30 - 23:00,11.0,11.2,10.9,86,0.0,7.9,131,14.8,1000.3,0,14.8,1000.3,0,
D6,Portbou - Coll dels Belitres,PORTBOU___COLL_DELS_BELITRES_D6,2026-02-06,22:00 - 22:30,SÍ,OK,2026-02-07 08:46:51,00:00,https://www.meteo.cat/observacions/xema/dades?codi=D6&dia=2026-02-06T00:00Z,11,"Període TU, TM °C, TX °C, TN °C, HRM %, PPT mm, VVM (10 m) km/h, DVM (10 m) graus, VVX (10 m) km/h, PM hPa, RS W/m 2",161,,,,88,1000.3,0.0,22:00 - 22:30,0,10.8,10.7,10.9,10.8,,,14.4,,,22:00 - 22:30,10.8,10.9,10.7,88,0.0,10.8,161,22:00 - 22:30,10.8,10.9,10.7,88,0.0,10.8,161,14.4,1000.3,0,14.4,1000.3,0,
YA,Puigcerdà,PUIGCERDA_YA,2026-02-07,08:00 - 08:30,NO,OK,2026-02-07 08:46:54,08:00,https://www.meteo.cat/observacions/xema/dades?codi=YA&dia=2026-02-07T08:00Z,11,"Període TU, TM °C, TX °C, TN °C, HRM %, PPT mm, VVM (10 m) km/h, DVM (10 m) graus, VVX (10 m) km/h, PM hPa, RS W/m 2",314,,,,91,1007.0,0.0,08:00 - 08:30,26,0.4,0.3,0.6,2.5,,,6.5,,,08:00 - 08:30,0.4,0.6,0.3,91,0.0,2.5,314,08:00 - 08:30,0.4,0.6,0.3,91,0.0,2.5,314,6.5,1007.0,26,6.5,1007.0,26,
YA,Puigcerdà,PUIGCERDA_YA,2026-02-06,23:30 - 00:00,SÍ,OK,2026-02-07 08:46:55,00:00,https://www.meteo.cat/observacions/xema/dades?codi=YA&dia=2026-02-06T00:00Z,11,"Període TU, TM °C, TX °C, TN °C, HRM %, PPT mm, VVM (10 m) km/h, DVM (10 m) graus, VVX (10 m) km/h, PM hPa, RS W/m 2",322,,,,87,1004.0,0.2,23:30 - 00:00,0,2.2,2.0,2.3,1.1,,,4.3,,,23:30 - 00:00,2.2,2.3,2.0,87,0.2,1.1,322,23:30 - 00:00,2.2,2.3,2.0,87,0.2,1.1,322,4.3,1004.0,0,4.3,1004.0,0,
YA,Puigcerdà,PUIGCERDA_YA,2026-02-06,23:00 - 23:30,SÍ,OK,2026-02-07 08:46:55,00:00,https://www.meteo.cat/observacions/xema/dades?codi=YA&dia=2026-02-06T00:00Z,11,"Període TU, TM °C, TX °C, TN °C, HRM %, PPT mm, VVM (10 m) km/h, DVM (10 m) graus, VVX (10 m) km/h, PM hPa, RS W/m 2",325,,,,85,1004.1,0.0,23:00 - 23:30,0,2.1,1.9,2.9,1.1,,,4.3,,,23:00 - 23:30,2.1,2.9,1.9,85,0.0,1.1,325,23:00 - 23:30,2.1,2.9,1.9,85,0.0,1.1,325,4.3,1004.1,0,4.3,1004.1,0,
YA,Puigcerdà,PUIGCERDA_YA,2026-02-06,22:30 - 23:00,SÍ,OK,2026-02-07 08:46:55,00:00,https://www.meteo.cat/observacions/xema/dades?codi=YA&dia=2026-02-06T00:00Z,11,"Període TU, TM °C, TX °C, TN °C, HRM %, PPT mm, VVM (10 m) km/h, DVM (10 m) graus, VVX (10 m) km/h, PM hPa, RS W/m 2",245,,,,84,1004.0,0.0,22:30 - 23:00,0,2.2,2.0,2.9,2.5,,,8.6,,,22:30 - 23:00,2.2,2.9,2.0,84,0.0,2.5,245,22:30 - 23:00,2.2,2.9,2.0,84,0.0,2.5,245,8.6,1004.0,0,8.6,1004.0,0,
YA,Puigcerdà,PUIGCERDA_YA,2026-02-06,22:00 - 22:30,SÍ,OK,2026-02-07 08:46:55,00:00,https://www.meteo.cat/observacions/xema/dades?codi=YA&dia=2026-02-06T00:00Z,11,"Període TU, TM °C, TX °C, TN °C, HRM %, PPT mm, VVM (10 m) km/h, DVM (10 m) graus, VVX (10 m) km/h, PM hPa, RS W/m 2",285,,,,85,1003.9,0.0,22:00 - 22:30,0,2.0,1.9,2.0,2.2,,,4.3,,,22:00 - 22:30,2.0,2.0,1.9,85,0.0,2.2,285,22:00 - 22:30,2.0,2.0,1.9,85,0.0,2.2,285,4.3,1003.9,0,4.3,1003.9,0,
DG,Queralbs - Núria (1.971 m),QUERALBS___NURIA_1971_M_DG,2026-02-07,08:00 - 08:30,NO,OK,2026-02-07 08:46:58,08:00,https://www.meteo.cat/observacions/xema/dades?codi=DG&dia=2026-02-07T08:00Z,12,"Període TU, TM °C, TX °C, TN °C, HRM %, PPT mm, GN cm, VVM (10 m) km/h, DVM (10 m) graus, VVX (10 m) km/h, PM hPa, RS W/m 2",36,,,110,64,836.6,0.0,08:00 - 08:30,41,-3.3,-4.1,-2.8,6.8,,,11.9,,,08:00 - 08:30,-3.3,-2.8,-4.1,64,0.0,110,6.8,08:00 - 08:30,-3.3,-2.8,-4.1,64,0.0,110,6.8,36,11.9,836.6,36,11.9,836.6,41
DG,Queralbs - Núria (1.971 m),QUERALBS___NURIA_1971_M_DG,2026-02-06,23:30 - 00:00,SÍ,OK,2026-02-07 08:46:59,00:00,https://www.meteo.cat/observacions/xema/dades?codi=DG&dia=2026-02-06T00:00Z,12,"Període TU, TM °C, TX °C, TN °C, HRM %, PPT mm, GN cm, VVM (10 m) km/h, DVM (10 m) graus, VVX (10 m) km/h, PM hPa, RS W/m 2",4,,,110,78,835.5,0.0,23:30 - 00:00,0,-1.3,-1.5,-1.1,5.0,,,12.2,,,23:30 - 00:00,-1.3,-1.1,-1.5,78,0.0,110,5.0,23:30 - 00:00,-1.3,-1.1,-1.5,78,0.0,110,5.0,4,12.2,835.5,4,12.2,835.5,0
DG,Queralbs - Núria (1.971 m),QUERALBS___NURIA_1971_M_DG,2026-02-06,23:00 - 23:30,SÍ,OK,2026-02-07 08:46:59,00:00,https://www.meteo.cat/observacions/xema/dades?codi=DG&dia=2026-02-06T00:00Z,12,"Període TU, TM °C, TX °C, TN °C, HRM %, PPT mm, GN cm, VVM (10 m) km/h, DVM (10 m) graus, VVX (10 m) km/h, PM hPa, RS W/m 2",337,,,110,72,835.6,0.0,23:00 - 23:30,0,-1.0,-1.4,-0.6,6.1,,,18.4,,,23:00 - 23:30,-1.0,-0.6,-1.4,72,0.0,110,6.1,23:00 - 23:30,-1.0,-0.6,-1.4,72,0.0,110,6.1,337,18.4,835.6,337,18.4,835.6,0
DG,Queralbs - Núria (1.971 m),QUERALBS___NURIA_1971_M_DG,2026-02-06,22:30 - 23:00,SÍ,OK,2026-02-07 08:46:59,00:00,https://www.meteo.cat/observacions/xema/dades?codi=DG&dia=2026-02-06T00:00Z,12,"Període TU, TM °C, TX °C, TN °C, HRM %, PPT mm, GN cm, VVM (10 m) km/h, DVM (10 m) graus, VVX (10 m) km/h, PM hPa, RS W/m 2",102,,,110,70,835.7,0.0,22:30 - 23:00,0,-1.5,-2.8,-0.4,6.1,,,21.6,,,22:30 - 23:00,-1.5,-0.4,-2.8,70,0.0,110,6.1,22:30 - 23:00,-1.5,-0.4,-2.8,70,0.0,110,6.1,102,21.6,835.7,102,21.6,835.7,0
DG,Queralbs - Núria (1.971 m),QUERALBS___NURIA_1971_M_DG,2026-02-06,22:00 - 22:30,SÍ,OK,2026-02-07 08:46:59,00:00,https://www.meteo.cat/observacions/xema/dades?codi=DG&dia=2026-02-06T00:00Z,12,"Període TU, TM °C, TX °C, TN °C, HRM %, PPT mm, GN cm, VVM (10 m) km/h, DVM (10 m) graus, VVX (10 m) km/h, PM hPa, RS W/m 2",66,,,111,77,835.7,0.0,22:00 - 22:30,0,-2.6,-2.9,-2.1,2.9,,,7.6,,,22:00 - 22:30,-2.6,-2.1,-2.9,77,0.0,111,2.9,22:00 - 22:30,-2.6,-2.1,-2.9,77,0.0,111,2.9,66,7.6,835.7,66,7.6,835.7,0
D4,Roses,ROSES_D4,2026-02-07,08:00 - 08:30,NO,OK,2026-02-07 08:47:02,08:00,https://www.meteo.cat/observacions/xema/dades?codi=D4&dia=2026-02-07T08:00Z,11,"Període TU, TM °C, TX °C, TN °C, HRM %, PPT mm, VVM (10 m) km/h, DVM (10 m) graus, VVX (10 m) km/h, PM hPa, RS W/m 2",4,,,,63,1003.7,0.0,08:00 - 08:30,140,12.1,11.9,12.4,18.0,,,37.8,,,08:00 - 08:30,12.1,12.4,11.9,63,0.0,18.0,4,08:00 - 08:30,12.1,12.4,11.9,63,0.0,18.0,4,37.8,1003.7,140,37.8,1003.7,140,
D4,Roses,ROSES_D4,2026-02-06,23:30 - 00:00,SÍ,OK,2026-02-07 08:47:03,00:00,https://www.meteo.cat/observacions/xema/dades?codi=D4&dia=2026-02-06T00:00Z,11,"Període TU, TM °C, TX °C, TN °C, HRM %, PPT mm, VVM (10 m) km/h, DVM (10 m) graus, VVX (10 m) km/h, PM hPa, RS W/m 2",97,,,,100,1001.0,0.0,23:30 - 00:00,0,8.8,8.4,8.9,2.2,,,4.7,,,23:30 - 00:00,8.8,8.9,8.4,100,0.0,2.2,97,23:30 - 00:00,8.8,8.9,8.4,100,0.0,2.2,97,4.7,1001.0,0,4.7,1001.0,0,
D4,Roses,ROSES_D4,2026-02-06,23:00 - 23:30,SÍ,OK,2026-02-07 08:47:03,00:00,https://www.meteo.cat/observacions/xema/dades?codi=D4&dia=2026-02-06T00:00Z,11,"Període TU, TM °C, TX °C, TN °C, HRM %, PPT mm, VVM (10 m) km/h, DVM (10 m) graus, VVX (10 m) km/h, PM hPa, RS W/m 2",33,,,,100,1001.1,0.0,23:00 - 23:30,0,8.8,8.5,9.0,1.1,,,2.9,,,23:00 - 23:30,8.8,9.0,8.5,100,0.0,1.1,33,23:00 - 23:30,8.8,9.0,8.5,100,0.0,1.1,33,2.9,1001.1,0,2.9,1001.1,0,
D4,Roses,ROSES_D4,2026-02-06,22:30 - 23:00,SÍ,OK,2026-02-07 08:47:03,00:00,https://www.meteo.cat/observacions/xema/dades?codi=D4&dia=2026-02-06T00:00Z,11,"Període TU, TM °C, TX °C, TN °C, HRM %, PPT mm, VVM (10 m) km/h, DVM (10 m) graus, VVX (10 m) km/h, PM hPa, RS W/m 2",302,,,,99,1001.1,0.0,22:30 - 23:00,0,8.4,8.2,8.8,1.1,,,4.3,,,22:30 - 23:00,8.4,8.8,8.2,99,0.0,1.1,302,22:30 - 23:00,8.4,8.8,8.2,99,0.0,1.1,302,4.3,1001.1,0,4.3,1001.1,0,
D4,Roses,ROSES_D4,2026-02-06,22:00 - 22:30,SÍ,OK,2026-02-07 08:47:03,00:00,https://www.meteo.cat/observacions/xema/dades?codi=D4&dia=2026-02-06T00:00Z,11,"Període TU, TM °C, TX °C, TN °C, HRM %, PPT mm, VVM (10 m) km/h, DVM (10 m) graus, VVX (10 m) km/h, PM hPa, RS W/m 2",94,,,,88,1001.0,0.0,22:00 - 22:30,0,9.1,8.7,9.3,2.2,,,5.0,,,22:00 - 22:30,9.1,9.3,8.7,88,0.0,2.2,94,22:00 - 22:30,9.1,9.3,8.7,88,0.0,2.2,94,5.0,1001.0,0,5.0,1001.0,0,
CI,Sant Pau de Segúries,SANT_PAU_DE_SEGURIES_CI,2026-02-07,08:00 - 08:30,NO,OK,2026-02-07 08:47:06,08:00,https://www.meteo.cat/observacions/xema/dades?codi=CI&dia=2026-02-07T08:00Z,10,"Període TU, TM °C, TX °C, TN °C, HRM %, PPT mm, VVM (10 m) km/h, DVM (10 m) graus, VVX (10 m) km/h, PM hPa",227,,,,95,1006.7,0.0,08:00 - 08:30,,1.6,1.4,1.7,6.1,,,14.8,,,08:00 - 08:30,1.6,1.7,1.4,95,0.0,6.1,227,08:00 - 08:30,1.6,1.7,1.4,95,0.0,6.1,227,14.8,1006.7,,14.8,1006.7,,
CI,Sant Pau de Segúries,SANT_PAU_DE_SEGURIES_CI,2026-02-06,23:30 - 00:00,SÍ,OK,2026-02-07 08:47:07,00:00,https://www.meteo.cat/observacions/xema/dades?codi=CI&dia=2026-02-06T00:00Z,10,"Període TU, TM °C, TX °C, TN °C, HRM %, PPT mm, VVM (10 m) km/h, DVM (10 m) graus, VVX (10 m) km/h, PM hPa",239,,,,82,1002.9,0.0,23:30 - 00:00,,4.6,4.5,4.9,14.8,,,32.4,,,23:30 - 00:00,4.6,4.9,4.5,82,0.0,14.8,239,23:30 - 00:00,4.6,4.9,4.5,82,0.0,14.8,239,32.4,1002.9,,32.4,1002.9,,
CI,Sant Pau de Segúries,SANT_PAU_DE_SEGURIES_CI,2026-02-06,23:00 - 23:30,SÍ,OK,2026-02-07 08:47:07,00:00,https://www.meteo.cat/observacions/xema/dades?codi=CI&dia=2026-02-06T00:00Z,10,"Període TU, TM °C, TX °C, TN °C, HRM %, PPT mm, VVM (10 m) km/h, DVM (10 m) graus, VVX (10 m) km/h, PM hPa",231,,,,87,1003.2,0.0,23:00 - 23:30,,3.9,3.1,4.6,10.1,,,21.6,,,23:00 - 23:30,3.9,4.6,3.1,87,0.0,10.1,231,23:00 - 23:30,3.9,4.6,3.1,87,0.0,10.1,231,21.6,1003.2,,21.6,1003.2,,
CI,Sant Pau de Segúries,SANT_PAU_DE_SEGURIES_CI,2026-02-06,22:30 - 23:00,SÍ,OK,2026-02-07 08:47:07,00:00,https://www.meteo.cat/observacions/xema/dades?codi=CI&dia=2026-02-06T00:00Z,10,"Període TU, TM °C, TX °C, TN °C, HRM %, PPT mm, VVM (10 m) km/h, DVM (10 m) graus, VVX (10 m) km/h, PM hPa",225,,,,94,1004.0,0.0,22:30 - 23:00,,2.7,2.5,3.0,6.8,,,15.5,,,22:30 - 23:00,2.7,3.0,2.5,94,0.0,6.8,225,22:30 - 23:00,2.7,3.0,2.5,94,0.0,6.8,225,15.5,1004.0,,15.5,1004.0,,
CI,Sant Pau de Segúries,SANT_PAU_DE_SEGURIES_CI,2026-02-06,22:00 - 22:30,SÍ,OK,2026-02-07 08:47:07,00:00,https://www.meteo.cat/observacions/xema/dades?codi=CI&dia=2026-02-06T00:00Z,10,"Període TU, TM °C, TX °C, TN °C, HRM %, PPT mm, VVM (10 m) km/h, DVM (10 m) graus, VVX (10 m) km/h, PM hPa",224,,,,95,1004.2,0.0,22:00 - 22:30,,2.5,2.4,2.6,4.3,,,9.7,,,22:00 - 22:30,2.5,2.6,2.4,95,0.0,4.3,224,22:00 - 22:30,2.5,2.6,2.4,95,0.0,4.3,224,9.7,1004.2,,9.7,1004.2,,
XS,Santa Coloma de Farners,SANTA_COLOMA_DE_FARNERS_XS,2026-02-07,08:00 - 08:30,NO,OK,2026-02-07 08:47:09,08:00,https://www.meteo.cat/observacions/xema/dades?codi=XS&dia=2026-02-07T08:00Z,10,"Període TU, TM °C, TX °C, TN °C, HRM %, PPT mm, VVM (10 m) km/h, DVM (10 m) graus, VVX (10 m) km/h, RS W/m 2",158,,,,65,,0.0,08:00 - 08:30,149,9.7,9.3,10.6,2.9,,,7.2,,,08:00 - 08:30,9.7,10.6,9.3,65,0.0,2.9,158,08:00 - 08:30,9.7,10.6,9.3,65,0.0,2.9,158,7.2,149,,7.2,149,,
XS,Santa Coloma de Farners,SANTA_COLOMA_DE_FARNERS_XS,2026-02-06,23:30 - 00:00,SÍ,OK,2026-02-07 08:47:11,00:00,https://www.meteo.cat/observacions/xema/dades?codi=XS&dia=2026-02-06T00:00Z,10,"Període TU, TM °C, TX °C, TN °C, HRM %, PPT mm, VVM (10 m) km/h, DVM (10 m) graus, VVX (10 m) km/h, RS W/m 2",267,,,,50,,0.0,23:30 - 00:00,0,12.8,12.6,12.9,25.9,,,44.3,,,23:30 - 00:00,12.8,12.9,12.6,50,0.0,25.9,267,23:30 - 00:00,12.8,12.9,12.6,50,0.0,25.9,267,44.3,0,,44.3,0,,
XS,Santa Coloma de Farners,SANTA_COLOMA_DE_FARNERS_XS,2026-02-06,23:00 - 23:30,SÍ,OK,2026-02-07 08:47:11,00:00,https://www.meteo.cat/observacions/xema/dades?codi=XS&dia=2026-02-06T00:00Z,10,"Període TU, TM °C, TX °C, TN °C, HRM %, PPT mm, VVM (10 m) km/h, DVM (10 m) graus, VVX (10 m) km/h, RS W/m 2",266,,,,50,,0.0,23:00 - 23:30,0,12.5,11.1,13.0,22.7,,,42.8,,,23:00 - 23:30,12.5,13.0,11.1,50,0.0,22.7,266,23:00 - 23:30,12.5,13.0,11.1,50,0.0,22.7,266,42.8,0,,42.8,0,,
XS,Santa Coloma de Farners,SANTA_COLOMA_DE_FARNERS_XS,2026-02-06,22:30 - 23:00,SÍ,OK,2026-02-07 08:47:11,00:00,https://www.meteo.cat/observacions/xema/dades?codi=XS&dia=2026-02-06T00:00Z,10,"Període TU, TM °C, TX °C, TN °C, HRM %, PPT mm, VVM (10 m) km/h, DVM (10 m) graus, VVX (10 m) km/h, RS W/m 2",277,,,,73,,0.0,22:30 - 23:00,0,8.0,7.2,10.6,5.8,,,30.2,,,22:30 - 23:00,8.0,10.6,7.2,73,0.0,5.8,277,22:30 - 23:00,8.0,10.6,7.2,73,0.0,5.8,277,30.2,0,,30.2,0,,
XS,Santa Coloma de Farners,SANTA_COLOMA_DE_FARNERS_XS,2026-02-06,22:00 - 22:30,SÍ,OK,2026-02-07 08:47:11,00:00,https://www.meteo.cat/observacions/xema/dades?codi=XS&dia=2026-02-06T00:00Z,10,"Període TU, TM °C, TX °C, TN °C, HRM %, PPT mm, VVM (10 m) km/h, DVM (10 m) graus, VVX (10 m) km/h, RS W/m 2",313,,,,76,,0.0,22:00 - 22:30,0,7.6,7.1,8.1,2.9,,,6.5,,,22:00 - 22:30,7.6,8.1,7.1,76,0.0,2.9,313,22:00 - 22:30,7.6,8.1,7.1,76,0.0,2.9,313,6.5,0,,6.5,0,,
ZC,Setcases - Ulldeter (2.413 m),SETCASES___ULLDETER_2413_M_ZC,2026-02-07,08:00 - 08:30,NO,OK,2026-02-07 08:47:13,08:00,https://www.meteo.cat/observacions/xema/dades?codi=ZC&dia=2026-02-07T08:00Z,11,"Període TU, TM °C, TX °C, TN °C, HRM %, PPT mm, GN cm, VVM (10 m) km/h, DVM (10 m) graus, VVX (10 m) km/h, RS W/m 2",268,,,56,60,,0.0,08:00 - 08:30,151,-4.7,-5.5,-4.4,8.3,,,11.9,,,08:00 - 08:30,-4.7,-4.4,-5.5,60,0.0,56,8.3,08:00 - 08:30,-4.7,-4.4,-5.5,60,0.0,56,8.3,268,11.9,151,268,11.9,151,
ZC,Setcases - Ulldeter (2.413 m),SETCASES___ULLDETER_2413_M_ZC,2026-02-06,23:30 - 00:00,SÍ,OK,2026-02-07 08:47:15,00:00,https://www.meteo.cat/observacions/xema/dades?codi=ZC&dia=2026-02-06T00:00Z,11,"Període TU, TM °C, TX °C, TN °C, HRM %, PPT mm, GN cm, VVM (10 m) km/h, DVM (10 m) graus, VVX (10 m) km/h, RS W/m 2",280,,,57,73,,0.0,23:30 - 00:00,0,-3.6,-3.7,-3.4,22.0,,,26.3,,,23:30 - 00:00,-3.6,-3.4,-3.7,73,0.0,57,22.0,23:30 - 00:00,-3.6,-3.4,-3.7,73,0.0,57,22.0,280,26.3,0,280,26.3,0,
ZC,Setcases - Ulldeter (2.413 m),SETCASES___ULLDETER_2413_M_ZC,2026-02-06,23:00 - 23:30,SÍ,OK,2026-02-07 08:47:15,00:00,https://www.meteo.cat/observacions/xema/dades?codi=ZC&dia=2026-02-06T00:00Z,11,"Període TU, TM °C, TX °C, TN °C, HRM %, PPT mm, GN cm, VVM (10 m) km/h, DVM (10 m) graus, VVX (10 m) km/h, RS W/m 2",279,,,56,73,,0.0,23:00 - 23:30,0,-3.7,-4.2,-3.0,18.0,,,29.5,,,23:00 - 23:30,-3.7,-3.0,-4.2,73,0.0,56,18.0,23:00 - 23:30,-3.7,-3.0,-4.2,73,0.0,56,18.0,279,29.5,0,279,29.5,0,
ZC,Setcases - Ulldeter (2.413 m),SETCASES___ULLDETER_2413_M_ZC,2026-02-06,22:30 - 23:00,SÍ,OK,2026-02-07 08:47:15,00:00,https://www.meteo.cat/observacions/xema/dades?codi=ZC&dia=2026-02-06T00:00Z,11,"Període TU, TM °C, TX °C, TN °C, HRM %, PPT mm, GN cm, VVM (10 m) km/h, DVM (10 m) graus, VVX (10 m) km/h, RS W/m 2",284,,,57,64,,0.0,22:30 - 23:00,0,-3.0,-3.8,-2.6,19.8,,,54.0,,,22:30 - 23:00,-3.0,-2.6,-3.8,64,0.0,57,19.8,22:30 - 23:00,-3.0,-2.6,-3.8,64,0.0,57,19.8,284,54.0,0,284,54.0,0,
ZC,Setcases - Ulldeter (2.413 m),SETCASES___ULLDETER_2413_M_ZC,2026-02-06,22:00 - 22:30,SÍ,OK,2026-02-07 08:47:15,00:00,https://www.meteo.cat/observacions/xema/dades?codi=ZC&dia=2026-02-06T00:00Z,11,"Període TU, TM °C, TX °C, TN °C, HRM %, PPT mm, GN cm, VVM (10 m) km/h, DVM (10 m) graus, VVX (10 m) km/h, RS W/m 2",303,,,57,70,,0.0,22:00 - 22:30,0,-3.6,-4.4,-2.6,10.4,,,36.7,,,22:00 - 22:30,-3.6,-2.6,-4.4,70,0.0,57,10.4,22:00 - 22:30,-3.6,-2.6,-4.4,70,0.0,57,10.4,303,36.7,0,303,36.7,0,
XH,Sort,SORT_XH,2026-02-07,08:00 - 08:30,NO,OK,2026-02-07 08:47:17,08:00,https://www.meteo.cat/observacions/xema/dades?codi=XH&dia=2026-02-07T08:00Z,8,"Període TU, TM °C, TX °C, TN °C, HRM %, PPT mm, GN cm, PM hPa",,,,1,100,1007.5,0.0,08:00 - 08:30,,3.6,3.5,3.7,,,,,,,08:00 - 08:30,3.6,3.7,3.5,100,0.0,1,1007.5,08:00 - 08:30,3.6,3.7,3.5,100,0.0,1,1007.5,,,,,,,
XH,Sort,SORT_XH,2026-02-06,23:30 - 00:00,SÍ,OK,2026-02-07 08:47:19,00:00,https://www.meteo.cat/observacions/xema/dades?codi=XH&dia=2026-02-06T00:00Z,8,"Període TU, TM °C, TX °C, TN °C, HRM %, PPT mm, GN cm, PM hPa",,,,1,100,1005.3,0.1,23:30 - 00:00,,4.1,4.1,4.3,,,,,,,23:30 - 00:00,4.1,4.3,4.1,100,0.1,1,1005.3,23:30 - 00:00,4.1,4.3,4.1,100,0.1,1,1005.3,,,,,,,
XH,Sort,SORT_XH,2026-02-06,23:00 - 23:30,SÍ,OK,2026-02-07 08:47:19,00:00,https://www.meteo.cat/observacions/xema/dades?codi=XH&dia=2026-02-06T00:00Z,8,"Període TU, TM °C, TX °C, TN °C, HRM %, PPT mm, GN cm, PM hPa",,,,1,99,1005.2,1.1,23:00 - 23:30,,4.5,4.3,4.6,,,,,,,23:00 - 23:30,4.5,4.6,4.3,99,1.1,1,1005.2,23:00 - 23:30,4.5,4.6,4.3,99,1.1,1,1005.2,,,,,,,
XH,Sort,SORT_XH,2026-02-06,22:30 - 23:00,SÍ,OK,2026-02-07 08:47:19,00:00,https://www.meteo.cat/observacions/xema/dades?codi=XH&dia=2026-02-06T00:00Z,8,"Període TU, TM °C, TX °C, TN °C, HRM %, PPT mm, GN cm, PM hPa",,,,1,100,1005.2,2.2,22:30 - 23:00,,4.9,4.6,5.0,,,,,,,22:30 - 23:00,4.9,5.0,4.6,100,2.2,1,1005.2,22:30 - 23:00,4.9,5.0,4.6,100,2.2,1,1005.2,,,,,,,
XH,Sort,SORT_XH,2026-02-06,22:00 - 22:30,SÍ,OK,2026-02-07 08:47:19,00:00,https://www.meteo.cat/observacions/xema/dades?codi=XH&dia=2026-02-06T00:00Z,8,"Període TU, TM °C, TX °C, TN °C, HRM %, PPT mm, GN cm, PM hPa",,,,1,100,1004.7,1.0,22:00 - 22:30,,5.2,5.0,5.3,,,,,,,22:00 - 22:30,5.2,5.3,5.0,100,1.0,1,1004.7,22:00 - 22:30,5.2,5.3,5.0,100,1.0,1,1004.7,,,,,,,
XE,Tarragona - Complex Educatiu,TARRAGONA___COMPLEX_EDUCATIU_XE,2026-02-07,08:00 - 08:30,NO,OK,2026-02-07 08:47:21,08:00,https://www.meteo.cat/observacions/xema/dades?codi=XE&dia=2026-02-07T08:00Z,11,"Període TU, TM °C, TX °C, TN °C, HRM %, PPT mm, VVM (10 m) km/h, DVM (10 m) graus, VVX (10 m) km/h, PM hPa, RS W/m 2",260,,,,47,1006.8,0.0,08:00 - 08:30,176,11.9,11.7,12.3,10.8,,,27.0,,,08:00 - 08:30,11.9,12.3,11.7,47,0.0,10.8,260,08:00 - 08:30,11.9,12.3,11.7,47,0.0,10.8,260,27.0,1006.8,176,27.0,1006.8,176,
XE,Tarragona - Complex Educatiu,TARRAGONA___COMPLEX_EDUCATIU_XE,2026-02-06,23:30 - 00:00,SÍ,OK,2026-02-07 08:47:23,00:00,https://www.meteo.cat/observacions/xema/dades?codi=XE&dia=2026-02-06T00:00Z,11,"Període TU, TM °C, TX °C, TN °C, HRM %, PPT mm, VVM (10 m) km/h, DVM (10 m) graus, VVX (10 m) km/h, PM hPa, RS W/m 2",284,,,,64,1003.1,0.0,23:30 - 00:00,0,11.5,10.9,12.1,4.3,,,14.0,,,23:30 - 00:00,11.5,12.1,10.9,64,0.0,4.3,284,23:30 - 00:00,11.5,12.1,10.9,64,0.0,4.3,284,14.0,1003.1,0,14.0,1003.1,0,
XE,Tarragona - Complex Educatiu,TARRAGONA___COMPLEX_EDUCATIU_XE,2026-02-06,23:00 - 23:30,SÍ,OK,2026-02-07 08:47:23,00:00,https://www.meteo.cat/observacions/xema/dades?codi=XE&dia=2026-02-06T00:00Z,11,"Període TU, TM °C, TX °C, TN °C, HRM %, PPT mm, VVM (10 m) km/h, DVM (10 m) graus, VVX (10 m) km/h, PM hPa, RS W/m 2",290,,,,62,1002.7,0.0,23:00 - 23:30,0,11.9,11.6,12.3,9.4,,,15.5,,,23:00 - 23:30,11.9,12.3,11.6,62,0.0,9.4,290,23:00 - 23:30,11.9,12.3,11.6,62,0.0,9.4,290,15.5,1002.7,0,15.5,1002.7,0,
XE,Tarragona - Complex Educatiu,TARRAGONA___COMPLEX_EDUCATIU_XE,2026-02-06,22:30 - 23:00,SÍ,OK,2026-02-07 08:47:23,00:00,https://www.meteo.cat/observacions/xema/dades?codi=XE&dia=2026-02-06T00:00Z,11,"Període TU, TM °C, TX °C, TN °C, HRM %, PPT mm, VVM (10 m) km/h, DVM (10 m) graus, VVX (10 m) km/h, PM hPa, RS W/m 2",281,,,,59,1002.6,0.0,22:30 - 23:00,0,12.5,12.2,12.8,7.2,,,15.5,,,22:30 - 23:00,12.5,12.8,12.2,59,0.0,7.2,281,22:30 - 23:00,12.5,12.8,12.2,59,0.0,7.2,281,15.5,1002.6,0,15.5,1002.6,0,
XE,Tarragona - Complex Educatiu,TARRAGONA___COMPLEX_EDUCATIU_XE,2026-02-06,22:00 - 22:30,SÍ,OK,2026-02-07 08:47:23,00:00,https://www.meteo.cat/observacions/xema/dades?codi=XE&dia=2026-02-06T00:00Z,11,"Període TU, TM °C, TX °C, TN °C, HRM %, PPT mm, VVM (10 m) km/h, DVM (10 m) graus, VVX (10 m) km/h, PM hPa, RS W/m 2",288,,,,61,1002.3,0.0,22:00 - 22:30,0,12.6,12.4,12.8,8.6,,,17.3,,,22:00 - 22:30,12.6,12.8,12.4,61,0.0,8.6,288,22:00 - 22:30,12.6,12.8,12.4,61,0.0,8.6,288,17.3,1002.3,0,17.3,1002.3,0,
UE,Torroella de Montgrí,TORROELLA_DE_MONTGRI_UE,2026-02-07,08:00 - 08:30,NO,OK,2026-02-07 08:47:25,08:00,https://www.meteo.cat/observacions/xema/dades?codi=UE&dia=2026-02-07T08:00Z,6,"Període TU, TM °C, TX °C, TN °C, HRM %, PPT mm",,,,,84,,0.0,08:00 - 08:30,,8.7,8.5,9.2,,,,,,,08:00 - 08:30,8.7,9.2,8.5,84,0.0,,,08:00 - 08:30,8.7,9.2,8.5,84,0.0,,,,,,,,,
UE,Torroella de Montgrí,TORROELLA_DE_MONTGRI_UE,2026-02-06,23:30 - 00:00,SÍ,OK,2026-02-07 08:47:27,00:00,https://www.meteo.cat/observacions/xema/dades?codi=UE&dia=2026-02-06T00:00Z,6,"Període TU, TM °C, TX °C, TN °C, HRM %, PPT mm",,,,,94,,0.0,23:30 - 00:00,,7.2,6.9,7.8,,,,,,,23:30 - 00:00,7.2,7.8,6.9,94,0.0,,,23:30 - 00:00,7.2,7.8,6.9,94,0.0,,,,,,,,,
UE,Torroella de Montgrí,TORROELLA_DE_MONTGRI_UE,2026-02-06,23:00 - 23:30,SÍ,OK,2026-02-07 08:47:27,00:00,https://www.meteo.cat/observacions/xema/dades?codi=UE&dia=2026-02-06T00:00Z,6,"Període TU, TM °C, TX °C, TN °C, HRM %, PPT mm",,,,,91,,0.0,23:00 - 23:30,,7.6,6.8,8.2,,,,,,,23:00 - 23:30,7.6,8.2,6.8,91,0.0,,,23:00 - 23:30,7.6,8.2,6.8,91,0.0,,,,,,,,,
UE,Torroella de Montgrí,TORROELLA_DE_MONTGRI_UE,2026-02-06,22:30 - 23:00,SÍ,OK,2026-02-07 08:47:27,00:00,https://www.meteo.cat/observacions/xema/dades?codi=UE&dia=2026-02-06T00:00Z,6,"Període TU, TM °C, TX °C, TN °C, HRM %, PPT mm",,,,,100,,0.0,22:30 - 23:00,,6.9,6.8,7.1,,,,,,,22:30 - 23:00,6.9,7.1,6.8,100,0.0,,,22:30 - 23:00,6.9,7.1,6.8,100,0.0,,,,,,,,,
UE,Torroella de Montgrí,TORROELLA_DE_MONTGRI_UE,2026-02-06,22:00 - 22:30,SÍ,OK,2026-02-07 08:47:27,00:00,https://www.meteo.cat/observacions/xema/dades?codi=UE&dia=2026-02-06T00:00Z,6,"Període TU, TM °C, TX °C, TN °C, HRM %, PPT mm",,,,,100,,0.0,22:00 - 22:30,,7.0,6.8,7.3,,,,,,,22:00 - 22:30,7.0,7.3,6.8,100,0.0,,,22:00 - 22:30,7.0,7.3,6.8,100,0.0,,,,,,,,,
XO,Vic,VIC_XO,2026-02-07,08:00 - 08:30,NO,OK,2026-02-07 08:47:29,08:00,https://www.meteo.cat/observacions/xema/dades?codi=XO&dia=2026-02-07T08:00Z,10,"Període TU, TM °C, TX °C, TN °C, HRM %, PPT mm, VVM (10 m) km/h, DVM (10 m) graus, VVX (10 m) km/h, RS W/m 2",1,,,,86,,0.0,08:00 - 08:30,70,5.1,4.9,5.5,4.3,,,11.5,,,08:00 - 08:30,5.1,5.5,4.9,86,0.0,4.3,1,08:00 - 08:30,5.1,5.5,4.9,86,0.0,4.3,1,11.5,70,,11.5,70,,
XO,Vic,VIC_XO,2026-02-06,23:30 - 00:00,SÍ,OK,2026-02-07 08:47:30,00:00,https://www.meteo.cat/observacions/xema/dades?codi=XO&dia=2026-02-06T00:00Z,10,"Període TU, TM °C, TX °C, TN °C, HRM %, PPT mm, VVM (10 m) km/h, DVM (10 m) graus, VVX (10 m) km/h, RS W/m 2",257,,,,68,,0.0,23:30 - 00:00,0,8.4,8.2,8.6,5.8,,,15.8,,,23:30 - 00:00,8.4,8.6,8.2,68,0.0,5.8,257,23:30 - 00:00,8.4,8.6,8.2,68,0.0,5.8,257,15.8,0,,15.8,0,,
XO,Vic,VIC_XO,2026-02-06,23:00 - 23:30,SÍ,OK,2026-02-07 08:47:30,00:00,https://www.meteo.cat/observacions/xema/dades?codi=XO&dia=2026-02-06T00:00Z,10,"Període TU, TM °C, TX °C, TN °C, HRM %, PPT mm, VVM (10 m) km/h, DVM (10 m) graus, VVX (10 m) km/h, RS W/m 2",238,,,,64,,0.0,23:00 - 23:30,0,8.8,8.6,9.0,3.6,,,14.8,,,23:00 - 23:30,8.8,9.0,8.6,64,0.0,3.6,238,23:00 - 23:30,8.8,9.0,8.6,64,0.0,3.6,238,14.8,0,,14.8,0,,
XO,Vic,VIC_XO,2026-02-06,22:30 - 23:00,SÍ,OK,2026-02-07 08:47:30,00:00,https://www.meteo.cat/observacions/xema/dades?codi=XO&dia=2026-02-06T00:00Z,10,"Període TU, TM °C, TX °C, TN °C, HRM %, PPT mm, VVM (10 m) km/h, DVM (10 m) graus, VVX (10 m) km/h, RS W/m 2",253,,,,64,,0.0,22:30 - 23:00,0,8.8,8.5,9.0,5.0,,,14.8,,,22:30 - 23:00,8.8,9.0,8.5,64,0.0,5.0,253,22:30 - 23:00,8.8,9.0,8.5,64,0.0,5.0,253,14.8,0,,14.8,0,,
XO,Vic,VIC_XO,2026-02-06,22:00 - 22:30,SÍ,OK,2026-02-07 08:47:30,00:00,https://www.meteo.cat/observacions/xema/dades?codi=XO&dia=2026-02-06T00:00Z,10,"Període TU, TM °C, TX °C, TN °C, HRM %, PPT mm, VVM (10 m) km/h, DVM (10 m) graus, VVX (10 m) km/h, RS W/m 2",257,,,,65,,0.0,22:00 - 22:30,0,8.7,8.4,8.9,6.1,,,14.0,,,22:00 - 22:30,8.7,8.9,8.4,65,0.0,6.1,257,22:00 - 22:30,8.7,8.9,8.4,65,0.0,6.1,257,14.0,0,,14.0,0,,
VS,Vielha e Mijaran - Lac Redon (2.247 m),VIELHA_E_MIJARAN___LAC_REDON_2247_M_VS,2026-02-07,08:00 - 08:30,NO,OK,2026-02-07 08:47:33,08:00,https://www.meteo.cat/observacions/xema/dades?codi=VS&dia=2026-02-07T08:00Z,12,"Període TU, TM °C, TX °C, TN °C, HRM %, PPT mm, GN cm, VVM (10 m) km/h, DVM (10 m) graus, VVX (10 m) km/h, PM hPa, RS W/m 2",0,,,199,90,838.7,0.0,08:00 - 08:30,30,-7.9,-8.5,-7.5,0.0,,,0.0,,,08:00 - 08:30,-7.9,-7.5,-8.5,90,0.0,199,0.0,08:00 - 08:30,-7.9,-7.5,-8.5,90,0.0,199,0.0,0,0.0,838.7,0,0.0,838.7,30
VS,Vielha e Mijaran - Lac Redon (2.247 m),VIELHA_E_MIJARAN___LAC_REDON_2247_M_VS,2026-02-06,23:30 - 00:00,SÍ,OK,2026-02-07 08:47:34,00:00,https://www.meteo.cat/observacions/xema/dades?codi=VS&dia=2026-02-06T00:00Z,12,"Període TU, TM °C, TX °C, TN °C, HRM %, PPT mm, GN cm, VVM (10 m) km/h, DVM (10 m) graus, VVX (10 m) km/h, PM hPa, RS W/m 2",0,,,201,94,836.1,0.0,23:30 - 00:00,0,-4.1,-4.1,-4.1,0.0,,,0.0,,,23:30 - 00:00,-4.1,-4.1,-4.1,94,0.0,201,0.0,23:30 - 00:00,-4.1,-4.1,-4.1,94,0.0,201,0.0,0,0.0,836.1,0,0.0,836.1,0
VS,Vielha e Mijaran - Lac Redon (2.247 m),VIELHA_E_MIJARAN___LAC_REDON_2247_M_VS,2026-02-06,23:00 - 23:30,SÍ,OK,2026-02-07 08:47:34,00:00,https://www.meteo.cat/observacions/xema/dades?codi=VS&dia=2026-02-06T00:00Z,12,"Període TU, TM °C, TX °C, TN °C, HRM %, PPT mm, GN cm, VVM (10 m) km/h, DVM (10 m) graus, VVX (10 m) km/h, PM hPa, RS W/m 2",0,,,199,94,836.2,0.0,23:00 - 23:30,0,-4.1,-4.1,-4.0,0.0,,,0.0,,,23:00 - 23:30,-4.1,-4.0,-4.1,94,0.0,199,0.0,23:00 - 23:30,-4.1,-4.0,-4.1,94,0.0,199,0.0,0,0.0,836.2,0,0.0,836.2,0
VS,Vielha e Mijaran - Lac Redon (2.247 m),VIELHA_E_MIJARAN___LAC_REDON_2247_M_VS,2026-02-06,22:30 - 23:00,SÍ,OK,2026-02-07 08:47:34,00:00,https://www.meteo.cat/observacions/xema/dades?codi=VS&dia=2026-02-06T00:00Z,12,"Període TU, TM °C, TX °C, TN °C, HRM %, PPT mm, GN cm, VVM (10 m) km/h, DVM (10 m) graus, VVX (10 m) km/h, PM hPa, RS W/m 2",0,,,198,94,836.3,0.0,22:30 - 23:00,0,-4.0,-4.1,-4.0,0.0,,,0.0,,,22:30 - 23:00,-4.0,-4.0,-4.1,94,0.0,198,0.0,22:30 - 23:00,-4.0,-4.0,-4.1,94,0.0,198,0.0,0,0.0,836.3,0,0.0,836.3,0
VS,Vielha e Mijaran - Lac Redon (2.247 m),VIELHA_E_MIJARAN___LAC_REDON_2247_M_VS,2026-02-06,22:00 - 22:30,SÍ,OK,2026-02-07 08:47:34,00:00,https://www.meteo.cat/observacions/xema/dades?codi=VS&dia=2026-02-06T00:00Z,12,"Període TU, TM °C, TX °C, TN °C, HRM %, PPT mm, GN cm, VVM (10 m) km/h, DVM (10 m) graus, VVX (10 m) km/h, PM hPa, RS W/m 2",0,,,201,94,836.0,0.0,22:00 - 22:30,0,-3.9,-4.0,-3.8,0.0,,,0.0,,,22:00 - 22:30,-3.9,-3.8,-4.0,94,0.0,201,0.0,22:00 - 22:30,-3.9,-3.8,-4.0,94,0.0,201,0.0,0,0.0,836.0,0,0.0,836.0,0
D7,Vinebre,VINEBRE_D7,2026-02-07,08:00 - 08:30,NO,OK,2026-02-07 08:47:37,08:00,https://www.meteo.cat/observacions/xema/dades?codi=D7&dia=2026-02-07T08:00Z,11,"Període TU, TM °C, TX °C, TN °C, HRM %, PPT mm, VVM (10 m) km/h, DVM (10 m) graus, VVX (10 m) km/h, PM hPa, RS W/m 2",197,,,,100,1008.8,0.0,08:00 - 08:30,183,4.2,3.2,4.7,1.1,,,4.3,,,08:00 - 08:30,4.2,4.7,3.2,100,0.0,1.1,197,08:00 - 08:30,4.2,4.7,3.2,100,0.0,1.1,197,4.3,1008.8,183,4.3,1008.8,183,
D7,Vinebre,VINEBRE_D7,2026-02-06,23:30 - 00:00,SÍ,OK,2026-02-07 08:47:38,00:00,https://www.meteo.cat/observacions/xema/dades?codi=D7&dia=2026-02-06T00:00Z,11,"Període TU, TM °C, TX °C, TN °C, HRM %, PPT mm, VVM (10 m) km/h, DVM (10 m) graus, VVX (10 m) km/h, PM hPa, RS W/m 2",130,,,,100,1005.1,0.0,23:30 - 00:00,0,5.7,5.4,6.0,1.8,,,5.4,,,23:30 - 00:00,5.7,6.0,5.4,100,0.0,1.8,130,23:30 - 00:00,5.7,6.0,5.4,100,0.0,1.8,130,5.4,1005.1,0,5.4,1005.1,0,
D7,Vinebre,VINEBRE_D7,2026-02-06,23:00 - 23:30,SÍ,OK,2026-02-07 08:47:38,00:00,https://www.meteo.cat/observacions/xema/dades?codi=D7&dia=2026-02-06T00:00Z,11,"Període TU, TM °C, TX °C, TN °C, HRM %, PPT mm, VVM (10 m) km/h, DVM (10 m) graus, VVX (10 m) km/h, PM hPa, RS W/m 2",71,,,,100,1004.9,0.0,23:00 - 23:30,0,6.2,5.9,6.4,3.2,,,7.6,,,23:00 - 23:30,6.2,6.4,5.9,100,0.0,3.2,71,23:00 - 23:30,6.2,6.4,5.9,100,0.0,3.2,71,7.6,1004.9,0,7.6,1004.9,0,
D7,Vinebre,VINEBRE_D7,2026-02-06,22:30 - 23:00,SÍ,OK,2026-02-07 08:47:38,00:00,https://www.meteo.cat/observacions/xema/dades?codi=D7&dia=2026-02-06T00:00Z,11,"Període TU, TM °C, TX °C, TN °C, HRM %, PPT mm, VVM (10 m) km/h, DVM (10 m) graus, VVX (10 m) km/h, PM hPa, RS W/m 2",135,,,,100,1004.7,0.0,22:30 - 23:00,0,6.4,6.0,6.9,1.8,,,4.3,,,22:30 - 23:00,6.4,6.9,6.0,100,0.0,1.8,135,22:30 - 23:00,6.4,6.9,6.0,100,0.0,1.8,135,4.3,1004.7,0,4.3,1004.7,0,
D7,Vinebre,VINEBRE_D7,2026-02-06,22:00 - 22:30,SÍ,OK,2026-02-07 08:47:38,00:00,https://www.meteo.cat/observacions/xema/dades?codi=D7&dia=2026-02-06T00:00Z,11,"Període TU, TM °C, TX °C, TN °C, HRM %, PPT mm, VVM (10 m) km/h, DVM (10 m) graus, VVX (10 m) km/h, PM hPa, RS W/m 2",181,,,,100,1004.6,0.0,22:00 - 22:30,0,7.3,6.8,7.6,1.4,,,3.2,,,22:00 - 22:30,7.3,7.6,6.8,100,0.0,1.4,181,22:00 - 22:30,7.3,7.6,6.8,100,0.0,1.4,181,3.2,1004.6,0,3.2,1004.6,0,
